,No,Kabupaten / County,New PPLN / PMI,new PPDN,total PPDN,new_local_transmission,total_local_transmission,new_other_transmission,total_other_transmission,new_cases,total_cases,date,new_treatment,total_treatment,new_recovered,total_recovered,new_deaths,total_deaths,Name_EN,Date,Name_Indo,Capital,area_km2,population_2000,population_2010,population_2015,HDI_2014_estimate,Gouvernor,Nr. of Sub-Districts,Nr of Keluruhan/Villages,new_total,total_cases_per_100k,total_deaths_per_100k,cases7,cases7_per_100k,deaths7,deaths7_per_100k,CFR,growth_rate,id
0,1,JEMBRANA,0,0,11,1,626,0,0,1,663, 05 Dec 2020,-7,70,7,579,1,14,jembrana,2020-12-05,Jembrana,Negara,841.80,231.806,261.638,271.423,0.686 (Medium),I Putu Artha,5.0,10/41,1,2.44,0.05,,,,,2.11,,5
1,2,TABANAN,0,2,10,23,1466,0,0,25,1497, 05 Dec 2020,-10,434,35,1016,0,47,tabanan,2020-12-05,Tabanan,Tabanan,839.30,376.03,420.913,435.753,0.726 (High),Ni Putu Eka Wiryastuti,10.0,-/133,25,3.44,0.11,,,,,3.14,,9
2,3,BADUNG,0,0,4,18,2478,0,0,18,2509, 05 Dec 2020,-9,159,27,2299,0,51,badung,2020-12-05,Badung,Mangupura,418.52,345.863,543.332,615.148,0.779 (High),I Nyoman Giri Prasta,6.0,16/46,18,4.08,0.08,,,,,2.03,,1
3,4,DENPASAR,0,-1,22,28,3891,0,0,27,3961, 05 Dec 2020,1,166,26,3705,0,90,denpasar,2020-12-05,Kota Denpasar,Denpasar,127.78,532.44,788.589,879.098,0.816 (Very High),Ida Bagus Rai Dharmawijaya Mantra,4.0,16/27,27,4.51,0.1,,,,,2.27,,8
4,5,GIANYAR,0,-1,10,16,1951,0,0,15,1990, 05 Dec 2020,-16,234,31,1681,0,75,gianyar,2020-12-05,Gianyar,Gianyar,368.00,393.155,469.777,494.729,0.742 (High),I Made Agus Mahayastra,7.0,6/64,15,4.02,0.15,,,,,3.77,,4
5,6,BANGLI,0,0,3,0,824,0,0,0,885, 05 Dec 2020,-1,8,1,842,0,35,bangli,2020-12-05,Bangli,Bangli,490.71,193.776,215.353,222.474,0.657 (Medium),I Made Gianyar,4.0,4/68,0,3.98,0.16,,,,,3.95,,2
6,7,KLUNGKUNG,0,0,0,0,928,0,0,0,947, 05 Dec 2020,0,9,0,918,0,20,klungkung,2020-12-05,Klungkung,Semarapura,315.00,155.262,170.543,175.573,0.683 (Medium),I Nyoman Suwirta,4.0,6/53,0,5.39,0.11,12.285714285714286,0.07,0.14285714285714285,0.11,2.11,,7
7,8,KARANGASEM,0,0,0,0,1006,0,0,0,1029, 05 Dec 2020,-3,14,3,964,0,51,karangasem,2020-12-05,Karangasem,Amlapura,839.54,360.486,396.487,408.487,0.640 (Medium),I Gusti Ayu Mas Sumatri,8.0,3/75,0,2.52,0.12,12.142857142857142,0.03,0.0,0.12,4.96,,6
8,9,BULELENG,0,0,6,5,1172,0,0,5,1219, 05 Dec 2020,1,59,4,1101,0,59,buleleng,2020-12-05,Buleleng,Singaraja,"1,364.73",558.181,624.125,645.893,0.691 (Medium),Putu Agus Suradnyana,9.0,19/129,5,1.89,0.09,9.285714285714286,0.01,0.0,0.12,4.84,,3
9,10,KABUPATEN LAINNYA,0,0,31,0,13,0,0,0,49, 05 Dec 2020,-1,4,1,44,0,1,kabupaten lainnya,2020-12-05,,,,,,,,,,,0,,,6.714285714285714,,0.0,,2.04,,0
10,1,JEMBRANA,0,0,11,0,626,0,0,0,663,06 Dec 2020,-9,61,9,588,0,14,jembrana,2020-12-06,Jembrana,Negara,841.80,231.806,261.638,271.423,0.686 (Medium),I Putu Artha,5.0,10/41,0,2.44,0.05,2.857142857142857,0.01,0.0,,2.11,,5
11,2,TABANAN,0,1,11,45,1511,0,0,46,1543,06 Dec 2020,26,460,20,1036,0,47,tabanan,2020-12-06,Tabanan,Tabanan,839.30,376.03,420.913,435.753,0.726 (High),Ni Putu Eka Wiryastuti,10.0,-/133,46,3.54,0.11,7.285714285714286,0.02,0.0,,3.05,,9
12,3,BADUNG,0,0,4,24,2502,0,0,24,2533,06 Dec 2020,9,168,15,2314,0,51,badung,2020-12-06,Badung,Mangupura,418.52,345.863,543.332,615.148,0.779 (High),I Nyoman Giri Prasta,6.0,16/46,24,4.12,0.08,10.714285714285714,0.02,0.0,,2.01,,1
13,4,DENPASAR,0,0,22,18,3909,0,0,18,3979,06 Dec 2020,1,167,17,3722,0,90,denpasar,2020-12-06,Kota Denpasar,Denpasar,127.78,532.44,788.589,879.098,0.816 (Very High),Ida Bagus Rai Dharmawijaya Mantra,4.0,16/27,18,4.53,0.1,13.285714285714286,0.02,0.0,,2.26,0.08139534883720922,8
14,5,GIANYAR,0,0,10,8,1959,0,0,8,1998,06 Dec 2020,-4,230,12,1693,0,75,gianyar,2020-12-06,Gianyar,Gianyar,368.00,393.155,469.777,494.729,0.742 (High),I Made Agus Mahayastra,7.0,6/64,8,4.04,0.15,14.428571428571429,0.03,0.0,,3.75,0.18823529411764706,4
15,6,BANGLI,0,0,3,0,824,0,0,0,885,06 Dec 2020,0,8,0,842,0,35,bangli,2020-12-06,Bangli,Bangli,490.71,193.776,215.353,222.474,0.657 (Medium),I Made Gianyar,4.0,4/68,0,3.98,0.16,13.714285714285714,0.06,0.0,,3.95,0.4769230769230768,2
16,7,KLUNGKUNG,0,0,0,1,929,0,0,1,948,06 Dec 2020,-1,8,0,918,2,22,klungkung,2020-12-06,Klungkung,Semarapura,315.00,155.262,170.543,175.573,0.683 (Medium),I Nyoman Suwirta,4.0,6/53,1,5.4,0.13,13.857142857142858,0.08,0.2857142857142857,0.11,2.32,1.0638297872340425,7
17,8,KARANGASEM,0,0,0,0,1006,0,0,0,1029,06 Dec 2020,0,14,0,964,0,51,karangasem,2020-12-06,Karangasem,Amlapura,839.54,360.486,396.487,408.487,0.640 (Medium),I Gusti Ayu Mas Sumatri,8.0,3/75,0,2.52,0.12,13.857142857142858,0.03,0.2857142857142857,0.12,4.96,3.8499999999999996,6
18,9,BULELENG,0,0,6,13,1185,0,0,13,1232,06 Dec 2020,12,71,1,1102,0,59,buleleng,2020-12-06,Buleleng,Singaraja,"1,364.73",558.181,624.125,645.893,0.691 (Medium),Putu Agus Suradnyana,9.0,19/129,13,1.91,0.09,9.142857142857142,0.01,0.2857142857142857,0.12,4.79,0.2549019607843137,3
19,10,KABUPATEN LAINNYA,0,0,31,0,13,0,0,0,49,06 Dec 2020,0,4,0,44,0,1,kabupaten lainnya,2020-12-06,,,,,,,,,,,0,,,5.714285714285714,,0.2857142857142857,,2.04,-0.46666666666666656,0
20,1,JEMBRANA,0,0,11,9,635,0,0,9,672,07 Dec 2020,-9,52,18,606,0,14,jembrana,2020-12-07,Jembrana,Negara,841.80,231.806,261.638,271.423,0.686 (Medium),I Putu Artha,5.0,10/41,9,2.48,0.05,4.428571428571429,0.02,0.2857142857142857,,2.08,-0.6666666666666667,5
21,2,TABANAN,0,0,11,8,1519,0,0,8,1551,07 Dec 2020,-211,249,219,1255,0,47,tabanan,2020-12-07,Tabanan,Tabanan,839.30,376.03,420.913,435.753,0.726 (High),Ni Putu Eka Wiryastuti,10.0,-/133,8,3.56,0.11,4.428571428571429,0.01,0.2857142857142857,,3.03,-0.693069306930693,9
22,3,BADUNG,0,0,4,15,2517,0,0,15,2548,07 Dec 2020,2,170,13,2327,0,51,badung,2020-12-07,Badung,Mangupura,418.52,345.863,543.332,615.148,0.779 (High),I Nyoman Giri Prasta,6.0,16/46,15,4.14,0.08,6.571428571428571,0.01,0.2857142857142857,,2.0,-0.5208333333333333,1
23,4,DENPASAR,0,1,23,43,3952,0,0,44,4023,07 Dec 2020,16,183,27,3749,1,91,denpasar,2020-12-07,Kota Denpasar,Denpasar,127.78,532.44,788.589,879.098,0.816 (Very High),Ida Bagus Rai Dharmawijaya Mantra,4.0,16/27,44,4.58,0.1,12.714285714285714,0.01,0.14285714285714285,,2.26,-0.08247422680412375,8
24,5,GIANYAR,0,1,11,22,1981,0,0,23,2021,07 Dec 2020,5,235,17,1710,1,76,gianyar,2020-12-07,Gianyar,Gianyar,368.00,393.155,469.777,494.729,0.742 (High),I Made Agus Mahayastra,7.0,6/64,23,4.09,0.15,16.0,0.03,0.2857142857142857,,3.76,0.15463917525773185,4
25,6,BANGLI,0,0,3,1,825,0,0,1,886,07 Dec 2020,-1,7,2,844,0,35,bangli,2020-12-07,Bangli,Bangli,490.71,193.776,215.353,222.474,0.657 (Medium),I Made Gianyar,4.0,4/68,1,3.98,0.16,14.285714285714286,0.06,0.2857142857142857,,3.95,0.5625000000000002,2
26,7,KLUNGKUNG,0,0,0,1,930,0,0,1,949,07 Dec 2020,-3,5,4,922,0,22,klungkung,2020-12-07,Klungkung,Semarapura,315.00,155.262,170.543,175.573,0.683 (Medium),I Nyoman Suwirta,4.0,6/53,1,5.41,0.13,14.428571428571429,0.08,0.2857142857142857,0.11,2.32,1.525,7
27,8,KARANGASEM,0,0,0,1,1007,0,0,1,1030,07 Dec 2020,-1,13,2,966,0,51,karangasem,2020-12-07,Karangasem,Amlapura,839.54,360.486,396.487,408.487,0.640 (Medium),I Gusti Ayu Mas Sumatri,8.0,3/75,1,2.52,0.12,13.285714285714286,0.03,0.2857142857142857,0.12,4.95,2.0,6
28,9,BULELENG,0,0,6,0,1185,0,0,0,1232,07 Dec 2020,-11,60,11,1113,0,59,buleleng,2020-12-07,Buleleng,Singaraja,"1,364.73",558.181,624.125,645.893,0.691 (Medium),Putu Agus Suradnyana,9.0,19/129,0,1.91,0.09,12.142857142857142,0.02,0.2857142857142857,0.12,4.79,1.7419354838709675,3
29,10,KABUPATEN LAINNYA,0,0,31,0,13,0,0,0,49,07 Dec 2020,0,4,0,44,0,1,kabupaten lainnya,2020-12-07,,,,,,,,,,,0,,,10.0,,0.2857142857142857,,2.04,0.5217391304347827,0
30,1,JEMBRANA,0,0,11,2,637,0,0,2,674, 08 Dec 2020,-9,43,11,617,0,14,jembrana,2020-12-08,Jembrana,Negara,841.80,231.806,261.638,271.423,0.686 (Medium),I Putu Artha,5.0,10/41,2,2.48,0.05,4.0,0.01,0.14285714285714285,,2.08,-0.6853932584269663,5
31,2,TABANAN,0,0,11,7,1526,0,0,7,1558, 08 Dec 2020,-58,191,65,1320,0,47,tabanan,2020-12-08,Tabanan,Tabanan,839.30,376.03,420.913,435.753,0.726 (High),Ni Putu Eka Wiryastuti,10.0,-/133,7,3.58,0.11,1.7142857142857142,0.0,0.0,,3.02,-0.8928571428571429,9
32,3,BADUNG,0,0,4,10,2527,0,0,10,2558, 08 Dec 2020,-10,160,20,2347,0,51,badung,2020-12-08,Badung,Mangupura,418.52,345.863,543.332,615.148,0.779 (High),I Nyoman Giri Prasta,6.0,16/46,10,4.16,0.08,3.0,0.0,0.0,,1.99,-0.79,1
33,4,DENPASAR,0,2,25,40,3992,0,0,42,4065, 08 Dec 2020,22,205,20,3769,0,91,denpasar,2020-12-08,Kota Denpasar,Denpasar,127.78,532.44,788.589,879.098,0.816 (Very High),Ida Bagus Rai Dharmawijaya Mantra,4.0,16/27,42,4.62,0.1,8.857142857142858,0.01,0.0,,2.24,-0.38613861386138615,8
34,5,GIANYAR,0,0,11,17,1998,0,0,17,2038, 08 Dec 2020,1,236,16,1726,0,76,gianyar,2020-12-08,Gianyar,Gianyar,368.00,393.155,469.777,494.729,0.742 (High),I Made Agus Mahayastra,7.0,6/64,17,4.12,0.15,11.142857142857142,0.02,0.0,,3.73,-0.16129032258064524,4
35,6,BANGLI,0,0,3,0,825,0,0,0,886, 08 Dec 2020,0,7,0,844,0,35,bangli,2020-12-08,Bangli,Bangli,490.71,193.776,215.353,222.474,0.657 (Medium),I Made Gianyar,4.0,4/68,0,3.98,0.16,11.142857142857142,0.05,0.0,,3.95,-0.08235294117647063,2
36,7,KLUNGKUNG,0,1,1,0,930,0,0,1,950, 08 Dec 2020,1,6,0,922,0,22,klungkung,2020-12-08,Klungkung,Semarapura,315.00,155.262,170.543,175.573,0.683 (Medium),I Nyoman Suwirta,4.0,6/53,1,5.41,0.13,11.285714285714286,0.06,0.0,0.11,2.32,0.12857142857142856,7
37,8,KARANGASEM,0,0,0,3,1010,0,0,3,1033, 08 Dec 2020,2,15,1,967,0,51,karangasem,2020-12-08,Karangasem,Amlapura,839.54,360.486,396.487,408.487,0.640 (Medium),I Gusti Ayu Mas Sumatri,8.0,3/75,3,2.53,0.12,11.428571428571429,0.03,0.0,0.12,4.94,1.8571428571428572,6
38,9,BULELENG,0,0,6,4,1189,0,0,4,1236, 08 Dec 2020,-2,58,6,1119,0,59,buleleng,2020-12-08,Buleleng,Singaraja,"1,364.73",558.181,624.125,645.893,0.691 (Medium),Putu Agus Suradnyana,9.0,19/129,4,1.91,0.09,11.0,0.02,0.0,0.12,4.77,5.416666666666667,3
39,10,KABUPATEN LAINNYA,0,0,31,0,13,0,0,0,49, 08 Dec 2020,-1,3,1,45,0,1,kabupaten lainnya,2020-12-08,,,,,,,,,,,0,,,9.571428571428571,,0.0,,2.04,2.1904761904761902,0
40,1,JEMBRANA,0,2,13,16,653,0,0,18,692, 09 Dec 2020,14,57,4,621,0,14,jembrana,2020-12-09,Jembrana,Negara,841.80,231.806,261.638,271.423,0.686 (Medium),I Putu Artha,5.0,10/41,18,2.55,0.05,6.142857142857143,0.02,0.0,,2.02,-0.30645161290322576,5
41,2,TABANAN,0,-2,9,33,1559,0,0,31,1589, 09 Dec 2020,2,193,26,1346,3,50,tabanan,2020-12-09,Tabanan,Tabanan,839.30,376.03,420.913,435.753,0.726 (High),Ni Putu Eka Wiryastuti,10.0,-/133,31,3.65,0.11,8.142857142857142,0.02,0.42857142857142855,,3.15,-0.2692307692307693,9
42,3,BADUNG,0,0,4,25,2552,0,0,25,2583, 09 Dec 2020,9,169,16,2363,0,51,badung,2020-12-09,Badung,Mangupura,418.52,345.863,543.332,615.148,0.779 (High),I Nyoman Giri Prasta,6.0,16/46,25,4.2,0.08,11.714285714285714,0.02,0.42857142857142855,,1.97,0.05128205128205132,1
43,4,DENPASAR,0,-2,23,37,4029,0,0,35,4100, 09 Dec 2020,15,220,20,3789,0,91,denpasar,2020-12-09,Kota Denpasar,Denpasar,127.78,532.44,788.589,879.098,0.816 (Very High),Ida Bagus Rai Dharmawijaya Mantra,4.0,16/27,35,4.66,0.1,16.571428571428573,0.02,0.42857142857142855,,2.22,0.4683544303797469,8
44,5,GIANYAR,0,-1,10,14,2012,0,0,13,2051, 09 Dec 2020,-7,229,20,1746,0,76,gianyar,2020-12-09,Gianyar,Gianyar,368.00,393.155,469.777,494.729,0.742 (High),I Made Agus Mahayastra,7.0,6/64,13,4.15,0.15,18.0,0.04,0.42857142857142855,,3.71,0.575,4
45,6,BANGLI,0,0,3,3,828,0,0,3,889, 09 Dec 2020,0,7,3,847,0,35,bangli,2020-12-09,Bangli,Bangli,490.71,193.776,215.353,222.474,0.657 (Medium),I Made Gianyar,4.0,4/68,3,4.0,0.16,17.857142857142858,0.08,0.42857142857142855,,3.94,0.6233766233766234,2
46,7,KLUNGKUNG,0,1,2,2,932,0,0,3,953, 09 Dec 2020,3,9,0,922,0,22,klungkung,2020-12-09,Klungkung,Semarapura,315.00,155.262,170.543,175.573,0.683 (Medium),I Nyoman Suwirta,4.0,6/53,3,5.43,0.13,18.285714285714285,0.1,0.42857142857142855,0.11,2.31,0.9104477611940298,7
47,8,KARANGASEM,0,0,0,0,1010,0,0,0,1033, 09 Dec 2020,0,15,0,967,0,51,karangasem,2020-12-09,Karangasem,Amlapura,839.54,360.486,396.487,408.487,0.640 (Medium),I Gusti Ayu Mas Sumatri,8.0,3/75,0,2.53,0.12,15.714285714285714,0.04,0.42857142857142855,0.12,4.94,1.5581395348837206,6
48,9,BULELENG,0,0,6,9,1198,0,0,9,1245, 09 Dec 2020,-1,57,8,1127,2,61,buleleng,2020-12-09,Buleleng,Singaraja,"1,364.73",558.181,624.125,645.893,0.691 (Medium),Putu Agus Suradnyana,9.0,19/129,9,1.93,0.09,12.571428571428571,0.02,0.2857142857142857,0.12,4.9,0.5438596491228072,3
49,10,KABUPATEN LAINNYA,0,0,31,0,13,0,0,0,49, 09 Dec 2020,0,3,0,45,0,1,kabupaten lainnya,2020-12-09,,,,,,,,,,,0,,,9.0,,0.2857142857142857,,2.04,-0.23170731707317072,0
50,1,JEMBRANA,0,0,13,2,655,0,0,2,694,10 Dec 2020,-3,54,5,626,0,14,jembrana,2020-12-10,Jembrana,Negara,841.80,231.806,261.638,271.423,0.686 (Medium),I Putu Artha,5.0,10/41,2,2.56,0.05,4.285714285714286,0.02,0.2857142857142857,,2.02,-0.7413793103448276,5
51,2,TABANAN,0,0,9,19,1578,0,0,19,1608,10 Dec 2020,-18,175,35,1381,2,52,tabanan,2020-12-10,Tabanan,Tabanan,839.30,376.03,420.913,435.753,0.726 (High),Ni Putu Eka Wiryastuti,10.0,-/133,19,3.69,0.12,5.142857142857143,0.01,0.5714285714285714,,3.23,-0.7142857142857142,9
52,3,BADUNG,0,0,4,26,2578,0,0,26,2609,10 Dec 2020,12,181,14,2377,0,51,badung,2020-12-10,Badung,Mangupura,418.52,345.863,543.332,615.148,0.779 (High),I Nyoman Giri Prasta,6.0,16/46,26,4.24,0.08,8.428571428571429,0.01,0.5714285714285714,,1.95,-0.528,1
53,4,DENPASAR,0,2,25,27,4056,0,0,29,4129,10 Dec 2020,7,227,21,3810,1,92,denpasar,2020-12-10,Kota Denpasar,Denpasar,127.78,532.44,788.589,879.098,0.816 (Very High),Ida Bagus Rai Dharmawijaya Mantra,4.0,16/27,29,4.7,0.1,12.142857142857142,0.01,0.7142857142857143,,2.23,-0.3359375,8
54,5,GIANYAR,0,0,10,22,2034,0,0,22,2073,10 Dec 2020,2,231,20,1766,0,76,gianyar,2020-12-10,Gianyar,Gianyar,368.00,393.155,469.777,494.729,0.742 (High),I Made Agus Mahayastra,7.0,6/64,22,4.19,0.15,15.285714285714286,0.03,0.7142857142857143,,3.67,-0.027272727272727226,4
55,6,BANGLI,0,0,3,1,829,0,0,1,890,10 Dec 2020,1,8,0,847,0,35,bangli,2020-12-10,Bangli,Bangli,490.71,193.776,215.353,222.474,0.657 (Medium),I Made Gianyar,4.0,4/68,1,4.0,0.16,14.142857142857142,0.06,0.42857142857142855,,3.93,0.125,2
56,7,KLUNGKUNG,0,0,2,4,936,0,0,4,957,10 Dec 2020,4,13,0,922,0,22,klungkung,2020-12-10,Klungkung,Semarapura,315.00,155.262,170.543,175.573,0.683 (Medium),I Nyoman Suwirta,4.0,6/53,4,5.45,0.13,14.714285714285714,0.08,0.42857142857142855,0.11,2.3,0.6349206349206349,7
57,8,KARANGASEM,0,0,0,5,1015,0,0,5,1038,10 Dec 2020,5,20,0,967,0,51,karangasem,2020-12-10,Karangasem,Amlapura,839.54,360.486,396.487,408.487,0.640 (Medium),I Gusti Ayu Mas Sumatri,8.0,3/75,5,2.54,0.12,15.142857142857142,0.04,0.42857142857142855,0.12,4.91,2.533333333333333,6
58,9,BULELENG,0,0,6,4,1202,0,0,4,1249,10 Dec 2020,-1,56,4,1131,1,62,buleleng,2020-12-10,Buleleng,Singaraja,"1,364.73",558.181,624.125,645.893,0.691 (Medium),Putu Agus Suradnyana,9.0,19/129,4,1.93,0.1,13.0,0.02,0.2857142857142857,0.12,4.96,1.5277777777777777,3
59,10,KABUPATEN LAINNYA,0,0,31,0,13,0,0,0,49,10 Dec 2020,0,3,0,45,0,1,kabupaten lainnya,2020-12-10,,,,,,,,,,,0,,,9.285714285714286,,0.2857142857142857,,2.04,0.10169491525423724,0
60,1,JEMBRANA,0,-1,12,4,659,0,0,3,697,11 Dec 2020,-5,49,7,633,1,15,jembrana,2020-12-11,Jembrana,Negara,841.80,231.806,261.638,271.423,0.686 (Medium),I Putu Artha,5.0,10/41,3,2.57,0.06,5.571428571428571,0.02,0.2857142857142857,,2.15,-0.5411764705882354,5
61,2,TABANAN,0,-1,8,22,1600,0,0,21,1629,11 Dec 2020,-12,163,33,1414,0,52,tabanan,2020-12-11,Tabanan,Tabanan,839.30,376.03,420.913,435.753,0.726 (High),Ni Putu Eka Wiryastuti,10.0,-/133,21,3.74,0.12,5.428571428571429,0.01,0.2857142857142857,,3.19,-0.6448598130841121,9
62,3,BADUNG,0,1,5,28,2606,0,0,29,2638,11 Dec 2020,16,197,13,2390,0,51,badung,2020-12-11,Badung,Mangupura,418.52,345.863,543.332,615.148,0.779 (High),I Nyoman Giri Prasta,6.0,16/46,29,4.29,0.08,9.428571428571429,0.02,0.2857142857142857,,1.93,-0.33333333333333326,1
63,4,DENPASAR,0,-2,23,34,4090,0,0,32,4161,11 Dec 2020,-2,225,31,3841,3,95,denpasar,2020-12-11,Kota Denpasar,Denpasar,127.78,532.44,788.589,879.098,0.816 (Very High),Ida Bagus Rai Dharmawijaya Mantra,4.0,16/27,32,4.73,0.11,13.428571428571429,0.02,0.7142857142857143,,2.28,-0.08737864077669899,8
64,5,GIANYAR,0,1,11,9,2043,0,0,10,2083,11 Dec 2020,-5,226,15,1781,0,76,gianyar,2020-12-11,Gianyar,Gianyar,368.00,393.155,469.777,494.729,0.742 (High),I Made Agus Mahayastra,7.0,6/64,10,4.21,0.15,14.142857142857142,0.03,0.7142857142857143,,3.65,-0.06603773584905659,4
65,6,BANGLI,0,0,3,1,830,0,0,1,891,11 Dec 2020,0,8,1,848,0,35,bangli,2020-12-11,Bangli,Bangli,490.71,193.776,215.353,222.474,0.657 (Medium),I Made Gianyar,4.0,4/68,1,4.0,0.16,13.714285714285714,0.06,0.5714285714285714,,3.93,0.05494505494505497,2
66,7,KLUNGKUNG,0,-1,1,1,937,0,0,0,957,11 Dec 2020,-2,11,2,924,0,22,klungkung,2020-12-11,Klungkung,Semarapura,315.00,155.262,170.543,175.573,0.683 (Medium),I Nyoman Suwirta,4.0,6/53,0,5.45,0.13,13.714285714285714,0.08,0.5714285714285714,0.12,2.3,0.4769230769230768,7
67,8,KARANGASEM,0,0,0,2,1017,0,0,2,1040,11 Dec 2020,-6,14,8,975,0,51,karangasem,2020-12-11,Karangasem,Amlapura,839.54,360.486,396.487,408.487,0.640 (Medium),I Gusti Ayu Mas Sumatri,8.0,3/75,2,2.55,0.12,13.571428571428571,0.03,0.42857142857142855,0.12,4.9,1.4358974358974361,6
68,9,BULELENG,0,1,7,11,1213,0,0,12,1261,11 Dec 2020,6,62,6,1137,0,62,buleleng,2020-12-11,Buleleng,Singaraja,"1,364.73",558.181,624.125,645.893,0.691 (Medium),Putu Agus Suradnyana,9.0,19/129,12,1.95,0.1,12.285714285714286,0.02,0.42857142857142855,0.12,4.92,1.263157894736842,3
69,10,KABUPATEN LAINNYA,0,0,31,0,13,0,0,0,49,11 Dec 2020,0,3,0,45,0,1,kabupaten lainnya,2020-12-11,,,,,,,,,,,0,,,8.142857142857142,,0.42857142857142855,,2.04,-0.13636363636363646,0
70,1,JEMBRANA,0,0,12,7,666,0,0,7,704,12 Dec 2020,-6,43,13,646,0,15,jembrana,2020-12-12,Jembrana,Negara,841.80,231.806,261.638,271.423,0.686 (Medium),I Putu Artha,5.0,10/41,7,2.59,0.06,4.571428571428571,0.02,0.0,,2.13,-0.6595744680851063,5
71,2,TABANAN,0,0,8,5,1605,0,0,5,1634,12 Dec 2020,-7,156,11,1425,1,53,tabanan,2020-12-12,Tabanan,Tabanan,839.30,376.03,420.913,435.753,0.726 (High),Ni Putu Eka Wiryastuti,10.0,-/133,5,3.75,0.12,3.857142857142857,0.01,0.14285714285714285,,3.24,-0.7272727272727273,9
72,3,BADUNG,0,0,5,10,2616,0,0,10,2648,12 Dec 2020,28,225,7,2397,1,52,badung,2020-12-12,Badung,Mangupura,418.52,345.863,543.332,615.148,0.779 (High),I Nyoman Giri Prasta,6.0,16/46,10,4.3,0.08,5.142857142857143,0.01,0.2857142857142857,,1.96,-0.625,1
73,4,DENPASAR,0,1,24,19,4109,0,0,20,4181,12 Dec 2020,0,225,20,3861,0,95,denpasar,2020-12-12,Kota Denpasar,Denpasar,127.78,532.44,788.589,879.098,0.816 (Very High),Ida Bagus Rai Dharmawijaya Mantra,4.0,16/27,20,4.76,0.11,8.0,0.01,0.2857142857142857,,2.27,-0.41666666666666663,8
74,5,GIANYAR,0,0,11,8,2051,0,0,8,2091,12 Dec 2020,-23,203,31,1812,0,76,gianyar,2020-12-12,Gianyar,Gianyar,368.00,393.155,469.777,494.729,0.742 (High),I Made Agus Mahayastra,7.0,6/64,8,4.23,0.15,8.857142857142858,0.02,0.2857142857142857,,3.63,-0.34736842105263155,4
75,6,BANGLI,0,0,3,10,840,0,0,10,901,12 Dec 2020,0,16,2,850,0,35,bangli,2020-12-12,Bangli,Bangli,490.71,193.776,215.353,222.474,0.657 (Medium),I Made Gianyar,4.0,4/68,10,4.05,0.16,8.571428571428571,0.04,0.2857142857142857,,3.88,-0.30232558139534893,2
76,7,KLUNGKUNG,0,0,1,2,939,0,0,2,959,12 Dec 2020,2,13,0,924,0,22,klungkung,2020-12-12,Klungkung,Semarapura,315.00,155.262,170.543,175.573,0.683 (Medium),I Nyoman Suwirta,4.0,6/53,2,5.46,0.13,8.857142857142858,0.05,0.2857142857142857,0.12,2.29,0.08771929824561409,7
77,8,KARANGASEM,0,0,0,0,1017,0,0,0,1040,12 Dec 2020,-2,12,2,977,0,51,karangasem,2020-12-12,Karangasem,Amlapura,839.54,360.486,396.487,408.487,0.640 (Medium),I Gusti Ayu Mas Sumatri,8.0,3/75,0,2.55,0.12,7.857142857142857,0.02,0.2857142857142857,0.12,4.9,0.71875,6
78,9,BULELENG,0,0,7,9,1222,0,0,9,1270,12 Dec 2020,0,62,9,1146,0,62,buleleng,2020-12-12,Buleleng,Singaraja,"1,364.73",558.181,624.125,645.893,0.691 (Medium),Putu Agus Suradnyana,9.0,19/129,9,1.97,0.1,8.428571428571429,0.01,0.14285714285714285,0.12,4.88,1.1851851851851851,3
79,10,KABUPATEN LAINNYA,0,0,31,0,13,0,0,0,49,12 Dec 2020,0,3,0,45,0,1,kabupaten lainnya,2020-12-12,,,,,,,,,,,0,,,7.0,,0.0,,2.04,0.36111111111111094,0
80,1,JEMBRANA,0,1,13,5,671,0,0,6,710,13 Dec 2020,6,49,0,646,0,15,jembrana,2020-12-13,Jembrana,Negara,841.80,231.806,261.638,271.423,0.686 (Medium),I Putu Artha,5.0,10/41,6,2.62,0.06,5.0,0.02,0.0,,2.11,-0.375,5
81,2,TABANAN,0,0,8,13,1618,0,0,13,1647,13 Dec 2020,-1,155,13,1438,1,54,tabanan,2020-12-13,Tabanan,Tabanan,839.30,376.03,420.913,435.753,0.726 (High),Ni Putu Eka Wiryastuti,10.0,-/133,13,3.78,0.12,5.714285714285714,0.01,0.14285714285714285,,3.28,-0.3548387096774194,9
82,3,BADUNG,0,0,5,20,2636,0,0,20,2668,13 Dec 2020,5,204,15,2412,0,52,badung,2020-12-13,Badung,Mangupura,418.52,345.863,543.332,615.148,0.779 (High),I Nyoman Giri Prasta,6.0,16/46,20,4.34,0.08,7.142857142857143,0.01,0.14285714285714285,,1.95,-0.16666666666666663,1
83,4,DENPASAR,0,2,26,2,4111,0,0,4,4185,13 Dec 2020,-11,214,15,3876,0,95,denpasar,2020-12-13,Kota Denpasar,Denpasar,127.78,532.44,788.589,879.098,0.816 (Very High),Ida Bagus Rai Dharmawijaya Mantra,4.0,16/27,4,4.76,0.11,7.428571428571429,0.01,0.14285714285714285,,2.27,-0.16129032258064513,8
84,5,GIANYAR,0,2,13,17,2068,0,0,19,2110,13 Dec 2020,3,206,16,1828,0,76,gianyar,2020-12-13,Gianyar,Gianyar,368.00,393.155,469.777,494.729,0.742 (High),I Made Agus Mahayastra,7.0,6/64,19,4.26,0.15,10.142857142857142,0.02,0.14285714285714285,,3.6,0.290909090909091,4
85,6,BANGLI,0,0,3,1,841,0,0,1,902,13 Dec 2020,1,17,0,850,0,35,bangli,2020-12-13,Bangli,Bangli,490.71,193.776,215.353,222.474,0.657 (Medium),I Made Gianyar,4.0,4/68,1,4.05,0.16,9.0,0.04,0.14285714285714285,,3.88,0.06779661016949157,2
86,7,KLUNGKUNG,0,1,2,2,941,0,0,3,962,13 Dec 2020,2,15,1,925,0,22,klungkung,2020-12-13,Klungkung,Semarapura,315.00,155.262,170.543,175.573,0.683 (Medium),I Nyoman Suwirta,4.0,6/53,3,5.48,0.13,9.428571428571429,0.05,0.14285714285714285,0.12,2.29,0.346938775510204,7
87,8,KARANGASEM,0,0,0,1,1018,0,0,1,1041,13 Dec 2020,0,12,1,978,0,51,karangasem,2020-12-13,Karangasem,Amlapura,839.54,360.486,396.487,408.487,0.640 (Medium),I Gusti Ayu Mas Sumatri,8.0,3/75,1,2.55,0.12,8.714285714285714,0.02,0.14285714285714285,0.12,4.9,0.7428571428571427,6
88,9,BULELENG,0,0,7,6,1228,0,0,6,1276,13 Dec 2020,2,64,3,1149,1,63,buleleng,2020-12-13,Buleleng,Singaraja,"1,364.73",558.181,624.125,645.893,0.691 (Medium),Putu Agus Suradnyana,9.0,19/129,6,1.98,0.1,7.714285714285714,0.01,0.14285714285714285,0.12,4.94,0.3500000000000001,3
89,10,KABUPATEN LAINNYA,0,0,31,0,13,0,0,0,49,13 Dec 2020,0,3,0,45,0,1,kabupaten lainnya,2020-12-13,,,,,,,,,,,0,,,4.857142857142857,,0.14285714285714285,,2.04,-0.32000000000000006,0
90,1,JEMBRANA,0,0,13,0,671,0,0,0,710, 14 Dec 2020,-10,39,10,656,0,15,jembrana,2020-12-14,Jembrana,Negara,841.80,231.806,261.638,271.423,0.686 (Medium),I Putu Artha,5.0,10/41,0,2.62,0.06,4.285714285714286,0.02,0.14285714285714285,,2.11,-0.42307692307692313,5
91,2,TABANAN,0,0,8,6,1624,0,0,6,1653, 14 Dec 2020,-20,135,26,1464,0,54,tabanan,2020-12-14,Tabanan,Tabanan,839.30,376.03,420.913,435.753,0.726 (High),Ni Putu Eka Wiryastuti,10.0,-/133,6,3.79,0.12,2.4285714285714284,0.01,0.14285714285714285,,3.27,-0.7605633802816901,9
92,3,BADUNG,0,0,5,27,2663,0,0,27,2695, 14 Dec 2020,11,215,16,2428,0,52,badung,2020-12-14,Badung,Mangupura,418.52,345.863,543.332,615.148,0.779 (High),I Nyoman Giri Prasta,6.0,16/46,27,4.38,0.08,6.142857142857143,0.01,0.14285714285714285,,1.93,-0.31746031746031744,1
93,4,DENPASAR,0,2,28,18,4129,0,0,20,4205, 14 Dec 2020,-17,197,37,3913,0,95,denpasar,2020-12-14,Kota Denpasar,Denpasar,127.78,532.44,788.589,879.098,0.816 (Very High),Ida Bagus Rai Dharmawijaya Mantra,4.0,16/27,20,4.78,0.11,8.571428571428571,0.01,0.14285714285714285,,2.26,-0.09090909090909094,8
94,5,GIANYAR,0,0,13,17,2085,0,0,17,2127, 14 Dec 2020,16,222,1,1829,0,76,gianyar,2020-12-14,Gianyar,Gianyar,368.00,393.155,469.777,494.729,0.742 (High),I Made Agus Mahayastra,7.0,6/64,17,4.3,0.15,10.857142857142858,0.02,0.14285714285714285,,3.57,0.24590163934426257,4
95,6,BANGLI,0,0,3,2,843,0,0,2,904, 14 Dec 2020,0,17,2,852,0,35,bangli,2020-12-14,Bangli,Bangli,490.71,193.776,215.353,222.474,0.657 (Medium),I Made Gianyar,4.0,4/68,2,4.06,0.16,10.285714285714286,0.05,0.0,,3.87,0.3333333333333335,2
96,7,KLUNGKUNG,0,0,2,3,944,0,0,3,965, 14 Dec 2020,1,16,2,927,0,22,klungkung,2020-12-14,Klungkung,Semarapura,315.00,155.262,170.543,175.573,0.683 (Medium),I Nyoman Suwirta,4.0,6/53,3,5.5,0.13,10.714285714285714,0.06,0.0,0.12,2.28,1.2058823529411766,7
97,8,KARANGASEM,0,0,0,2,1020,0,0,2,1043, 14 Dec 2020,1,13,1,979,0,51,karangasem,2020-12-14,Karangasem,Amlapura,839.54,360.486,396.487,408.487,0.640 (Medium),I Gusti Ayu Mas Sumatri,8.0,3/75,2,2.55,0.12,11.0,0.03,0.0,0.12,4.89,1.5666666666666669,6
98,9,BULELENG,0,0,7,0,1228,0,0,0,1276, 14 Dec 2020,-7,57,7,1156,0,63,buleleng,2020-12-14,Buleleng,Singaraja,"1,364.73",558.181,624.125,645.893,0.691 (Medium),Putu Agus Suradnyana,9.0,19/129,0,1.98,0.1,10.142857142857142,0.02,0.0,0.12,4.94,3.1764705882352944,3
99,10,KABUPATEN LAINNYA,0,0,31,0,13,0,0,0,49, 14 Dec 2020,0,3,0,45,0,1,kabupaten lainnya,2020-12-14,,,,,,,,,,,0,,,6.285714285714286,,0.0,,2.04,0.02325581395348819,0
100,1,JEMBRANA,0,0,13,0,671,0,0,0,710,15 Dec 2020,-3,36,3,659,0,15,jembrana,2020-12-15,Jembrana,Negara,841.80,231.806,261.638,271.423,0.686 (Medium),I Putu Artha,5.0,10/41,0,2.62,0.06,3.4285714285714284,0.01,0.0,,2.11,-0.6000000000000001,5
101,2,TABANAN,0,0,8,10,1634,0,0,10,1663,15 Dec 2020,-16,119,26,1490,0,54,tabanan,2020-12-15,Tabanan,Tabanan,839.30,376.03,420.913,435.753,0.726 (High),Ni Putu Eka Wiryastuti,10.0,-/133,10,3.82,0.12,2.4285714285714284,0.01,0.0,,3.25,-0.7763157894736843,9
102,3,BADUNG,0,0,5,21,2684,0,0,21,2716,15 Dec 2020,2,217,18,2446,1,53,badung,2020-12-15,Badung,Mangupura,418.52,345.863,543.332,615.148,0.779 (High),I Nyoman Giri Prasta,6.0,16/46,21,4.42,0.09,5.142857142857143,0.01,0.14285714285714285,,1.95,-0.5,1
103,4,DENPASAR,0,0,28,20,4149,0,0,20,4225,15 Dec 2020,2,199,17,3930,1,96,denpasar,2020-12-15,Kota Denpasar,Denpasar,127.78,532.44,788.589,879.098,0.816 (Very High),Ida Bagus Rai Dharmawijaya Mantra,4.0,16/27,20,4.81,0.11,7.571428571428571,0.01,0.2857142857142857,,2.27,-0.29333333333333333,8
104,5,GIANYAR,0,0,13,5,2090,0,0,5,2132,15 Dec 2020,3,225,1,1830,1,77,gianyar,2020-12-15,Gianyar,Gianyar,368.00,393.155,469.777,494.729,0.742 (High),I Made Agus Mahayastra,7.0,6/64,5,4.31,0.16,8.0,0.02,0.42857142857142855,,3.61,-0.2727272727272727,4
105,6,BANGLI,0,0,3,2,845,0,0,2,906,15 Dec 2020,1,18,0,852,1,36,bangli,2020-12-15,Bangli,Bangli,490.71,193.776,215.353,222.474,0.657 (Medium),I Made Gianyar,4.0,4/68,2,4.07,0.16,8.285714285714286,0.04,0.5714285714285714,,3.97,-0.18309859154929564,2
106,7,KLUNGKUNG,0,0,2,0,944,0,0,0,965,15 Dec 2020,0,16,0,927,0,22,klungkung,2020-12-15,Klungkung,Semarapura,315.00,155.262,170.543,175.573,0.683 (Medium),I Nyoman Suwirta,4.0,6/53,0,5.5,0.13,8.285714285714286,0.05,0.5714285714285714,0.12,2.28,0.31818181818181834,7
107,8,KARANGASEM,0,0,0,0,1020,0,0,0,1043,15 Dec 2020,0,13,0,979,0,51,karangasem,2020-12-15,Karangasem,Amlapura,839.54,360.486,396.487,408.487,0.640 (Medium),I Gusti Ayu Mas Sumatri,8.0,3/75,0,2.55,0.12,8.285714285714286,0.02,0.5714285714285714,0.13,4.89,1.416666666666667,6
108,9,BULELENG,0,1,8,15,1243,0,0,16,1292,15 Dec 2020,8,65,7,1163,1,64,buleleng,2020-12-15,Buleleng,Singaraja,"1,364.73",558.181,624.125,645.893,0.691 (Medium),Putu Agus Suradnyana,9.0,19/129,16,2.0,0.1,9.142857142857142,0.01,0.7142857142857143,0.12,4.95,2.764705882352941,3
109,10,KABUPATEN LAINNYA,0,0,31,0,13,0,0,0,49,15 Dec 2020,0,3,0,45,0,1,kabupaten lainnya,2020-12-15,,,,,,,,,,,0,,,6.142857142857143,,0.5714285714285714,,2.04,0.19444444444444442,0
110,1,JEMBRANA,0,0,13,0,671,0,0,0,710,16 Dec 2020,0,36,3,659,0,15,jembrana,2020-12-16,Jembrana,Negara,841.80,231.806,261.638,271.423,0.686 (Medium),I Putu Artha,5.0,10/41,0,2.62,0.06,3.2857142857142856,0.01,0.42857142857142855,,2.11,-0.5660377358490566,5
111,2,TABANAN,0,0,8,10,1634,0,0,10,1663,16 Dec 2020,-16,119,26,1490,0,54,tabanan,2020-12-16,Tabanan,Tabanan,839.30,376.03,420.913,435.753,0.726 (High),Ni Putu Eka Wiryastuti,10.0,-/133,10,3.82,0.12,4.0,0.01,0.2857142857142857,,3.25,-0.5,9
112,3,BADUNG,0,0,5,21,2684,0,0,21,2716,16 Dec 2020,2,217,18,2446,1,53,badung,2020-12-16,Badung,Mangupura,418.52,345.863,543.332,615.148,0.779 (High),I Nyoman Giri Prasta,6.0,16/46,21,4.42,0.09,6.714285714285714,0.01,0.2857142857142857,,1.95,-0.18965517241379315,1
113,4,DENPASAR,0,0,28,20,4149,0,0,20,4225,16 Dec 2020,2,199,17,3930,1,96,denpasar,2020-12-16,Kota Denpasar,Denpasar,127.78,532.44,788.589,879.098,0.816 (Very High),Ida Bagus Rai Dharmawijaya Mantra,4.0,16/27,20,4.81,0.11,9.571428571428571,0.01,0.42857142857142855,,2.27,0.1551724137931032,8
114,5,GIANYAR,0,0,13,5,2090,0,0,5,2132,16 Dec 2020,3,225,1,1830,1,77,gianyar,2020-12-16,Gianyar,Gianyar,368.00,393.155,469.777,494.729,0.742 (High),I Made Agus Mahayastra,7.0,6/64,5,4.31,0.16,10.285714285714286,0.02,0.5714285714285714,,3.61,0.24137931034482762,4
115,6,BANGLI,0,0,3,2,845,0,0,2,906,16 Dec 2020,1,18,0,852,1,36,bangli,2020-12-16,Bangli,Bangli,490.71,193.776,215.353,222.474,0.657 (Medium),I Made Gianyar,4.0,4/68,2,4.07,0.16,8.285714285714286,0.04,0.5714285714285714,,3.97,-0.09374999999999989,2
116,7,KLUNGKUNG,0,0,2,0,944,0,0,0,965,16 Dec 2020,0,16,0,927,0,22,klungkung,2020-12-16,Klungkung,Semarapura,315.00,155.262,170.543,175.573,0.683 (Medium),I Nyoman Suwirta,4.0,6/53,0,5.5,0.13,8.285714285714286,0.05,0.5714285714285714,0.12,2.28,0.34883720930232553,7
117,8,KARANGASEM,0,0,0,0,1020,0,0,0,1043,16 Dec 2020,0,13,0,979,0,51,karangasem,2020-12-16,Karangasem,Amlapura,839.54,360.486,396.487,408.487,0.640 (Medium),I Gusti Ayu Mas Sumatri,8.0,3/75,0,2.55,0.12,8.285714285714286,0.02,0.5714285714285714,0.13,4.89,1.5217391304347831,6
118,9,BULELENG,0,1,8,15,1243,0,0,16,1292,16 Dec 2020,8,65,7,1163,1,64,buleleng,2020-12-16,Buleleng,Singaraja,"1,364.73",558.181,624.125,645.893,0.691 (Medium),Putu Agus Suradnyana,9.0,19/129,16,2.0,0.1,9.142857142857142,0.01,0.7142857142857143,0.12,4.95,1.2857142857142856,3
119,10,KABUPATEN LAINNYA,0,0,31,0,13,0,0,0,49,16 Dec 2020,0,3,0,45,0,1,kabupaten lainnya,2020-12-16,,,,,,,,,,,0,,,6.142857142857143,,0.5714285714285714,,2.04,-0.08510638297872342,0
120,1,JEMBRANA,0,1,16,9,699,0,0,10,741,17 Dec 2020,-5,52,15,674,0,15,jembrana,2020-12-17,Jembrana,Negara,841.80,231.806,261.638,271.423,0.686 (Medium),I Putu Artha,5.0,10/41,10,2.73,0.06,4.714285714285714,0.02,0.42857142857142855,,2.02,-0.5074626865671641,5
121,2,TABANAN,0,0,9,32,1700,0,0,32,1730,17 Dec 2020,4,137,27,1538,1,55,tabanan,2020-12-17,Tabanan,Tabanan,839.30,376.03,420.913,435.753,0.726 (High),Ni Putu Eka Wiryastuti,10.0,-/133,32,3.97,0.13,8.571428571428571,0.02,0.42857142857142855,,3.18,-0.16666666666666674,9
122,3,BADUNG,0,1,6,23,2746,0,0,24,2779,17 Dec 2020,7,236,17,2489,0,54,badung,2020-12-17,Badung,Mangupura,418.52,345.863,543.332,615.148,0.779 (High),I Nyoman Giri Prasta,6.0,16/46,24,4.52,0.09,11.714285714285714,0.02,0.2857142857142857,,1.94,0.4137931034482756,1
123,4,DENPASAR,0,3,31,45,4212,0,0,48,4291,17 Dec 2020,22,182,26,4012,0,97,denpasar,2020-12-17,Kota Denpasar,Denpasar,127.78,532.44,788.589,879.098,0.816 (Very High),Ida Bagus Rai Dharmawijaya Mantra,4.0,16/27,48,4.88,0.11,18.571428571428573,0.02,0.2857142857142857,,2.26,1.2413793103448274,8
124,5,GIANYAR,0,0,15,7,2116,0,0,7,2160,17 Dec 2020,-3,208,10,1875,0,77,gianyar,2020-12-17,Gianyar,Gianyar,368.00,393.155,469.777,494.729,0.742 (High),I Made Agus Mahayastra,7.0,6/64,7,4.37,0.16,19.571428571428573,0.04,0.2857142857142857,,3.56,1.3620689655172415,4
125,6,BANGLI,0,1,4,7,852,0,0,8,914,17 Dec 2020,4,22,3,855,1,37,bangli,2020-12-17,Bangli,Bangli,490.71,193.776,215.353,222.474,0.657 (Medium),I Made Gianyar,4.0,4/68,8,4.11,0.17,18.428571428571427,0.08,0.2857142857142857,,4.05,1.015625,2
126,7,KLUNGKUNG,0,0,2,0,945,0,0,0,966,17 Dec 2020,-1,16,1,928,0,22,klungkung,2020-12-17,Klungkung,Semarapura,315.00,155.262,170.543,175.573,0.683 (Medium),I Nyoman Suwirta,4.0,6/53,0,5.5,0.13,18.428571428571427,0.1,0.2857142857142857,0.12,2.28,1.9999999999999996,7
127,8,KARANGASEM,0,0,0,0,1020,0,0,0,1043,17 Dec 2020,-1,11,1,981,0,51,karangasem,2020-12-17,Karangasem,Amlapura,839.54,360.486,396.487,408.487,0.640 (Medium),I Gusti Ayu Mas Sumatri,8.0,3/75,0,2.55,0.12,17.0,0.04,0.2857142857142857,0.13,4.89,2.606060606060606,6
128,9,BULELENG,0,1,9,2,1255,0,0,3,1305,17 Dec 2020,2,70,1,1171,0,64,buleleng,2020-12-17,Buleleng,Singaraja,"1,364.73",558.181,624.125,645.893,0.691 (Medium),Putu Agus Suradnyana,9.0,19/129,3,2.02,0.1,12.857142857142858,0.02,0.14285714285714285,0.13,4.9,0.5,3
129,10,KABUPATEN LAINNYA,0,0,31,0,13,0,0,0,49,17 Dec 2020,0,3,0,45,0,1,kabupaten lainnya,2020-12-17,,,,,,,,,,,0,,,9.428571428571429,,0.14285714285714285,,2.04,-0.19512195121951215,0
130,1,JEMBRANA,0,0,16,15,714,0,0,15,756, 18 Dec 2020,14,66,1,675,0,15,jembrana,2020-12-18,Jembrana,Negara,841.80,231.806,261.638,271.423,0.686 (Medium),I Putu Artha,5.0,10/41,15,2.79,0.06,4.714285714285714,0.02,0.14285714285714285,,1.98,-0.7461538461538462,5
131,2,TABANAN,0,0,9,20,1720,0,0,20,1750, 18 Dec 2020,7,144,10,1548,3,58,tabanan,2020-12-18,Tabanan,Tabanan,839.30,376.03,420.913,435.753,0.726 (High),Ni Putu Eka Wiryastuti,10.0,-/133,20,4.02,0.13,6.571428571428571,0.02,0.5714285714285714,,3.31,-0.6642335766423357,9
132,3,BADUNG,0,0,6,24,2770,0,0,24,2803, 18 Dec 2020,0,236,23,2512,1,55,badung,2020-12-18,Badung,Mangupura,418.52,345.863,543.332,615.148,0.779 (High),I Nyoman Giri Prasta,6.0,16/46,24,4.56,0.09,8.857142857142858,0.01,0.5714285714285714,,1.96,-0.5193798449612402,1
133,4,DENPASAR,0,1,32,33,4245,0,0,34,4325, 18 Dec 2020,6,188,28,4040,0,97,denpasar,2020-12-18,Kota Denpasar,Denpasar,127.78,532.44,788.589,879.098,0.816 (Very High),Ida Bagus Rai Dharmawijaya Mantra,4.0,16/27,34,4.92,0.11,13.714285714285714,0.02,0.5714285714285714,,2.24,-0.2558139534883721,8
134,5,GIANYAR,0,1,16,15,2131,0,0,16,2176, 18 Dec 2020,6,214,10,1885,0,77,gianyar,2020-12-18,Gianyar,Gianyar,368.00,393.155,469.777,494.729,0.742 (High),I Made Agus Mahayastra,7.0,6/64,16,4.4,0.16,16.0,0.03,0.5714285714285714,,3.54,-0.05882352941176472,4
135,6,BANGLI,0,0,4,1,853,0,0,1,915, 18 Dec 2020,0,22,1,856,0,37,bangli,2020-12-18,Bangli,Bangli,490.71,193.776,215.353,222.474,0.657 (Medium),I Made Gianyar,4.0,4/68,1,4.11,0.17,15.714285714285714,0.07,0.5714285714285714,,4.04,0.2222222222222221,2
136,7,KLUNGKUNG,0,0,2,5,950,0,0,5,971, 18 Dec 2020,4,20,1,929,0,22,klungkung,2020-12-18,Klungkung,Semarapura,315.00,155.262,170.543,175.573,0.683 (Medium),I Nyoman Suwirta,4.0,6/53,5,5.53,0.13,16.428571428571427,0.09,0.5714285714285714,0.12,2.27,0.7424242424242422,7
137,8,KARANGASEM,0,0,0,0,1020,0,0,0,1043, 18 Dec 2020,-1,10,1,982,0,51,karangasem,2020-12-18,Karangasem,Amlapura,839.54,360.486,396.487,408.487,0.640 (Medium),I Gusti Ayu Mas Sumatri,8.0,3/75,0,2.55,0.12,14.285714285714286,0.03,0.5714285714285714,0.13,4.89,2.0303030303030303,6
138,9,BULELENG,0,0,9,6,1261,0,0,6,1311, 18 Dec 2020,4,74,2,1173,0,64,buleleng,2020-12-18,Buleleng,Singaraja,"1,364.73",558.181,624.125,645.893,0.691 (Medium),Putu Agus Suradnyana,9.0,19/129,6,2.03,0.1,12.285714285714286,0.02,0.14285714285714285,0.13,4.88,0.8695652173913044,3
139,10,KABUPATEN LAINNYA,0,0,31,0,13,0,0,0,49, 18 Dec 2020,0,3,0,45,0,1,kabupaten lainnya,2020-12-18,,,,,,,,,,,0,,,8.857142857142858,,0.0,,2.04,0.0,0
140,1,JEMBRANA,0,0,16,2,716,0,0,2,758, 19 Dec 2020,2,68,0,675,0,15,jembrana,2020-12-19,Jembrana,Negara,841.80,231.806,261.638,271.423,0.686 (Medium),I Putu Artha,5.0,10/41,2,2.79,0.06,4.285714285714286,0.02,0.0,,1.98,-0.6875,5
141,2,TABANAN,0,0,9,24,1744,0,0,24,1774, 19 Dec 2020,-4,140,28,1576,0,58,tabanan,2020-12-19,Tabanan,Tabanan,839.30,376.03,420.913,435.753,0.726 (High),Ni Putu Eka Wiryastuti,10.0,-/133,24,4.07,0.13,5.428571428571429,0.01,0.0,,3.27,-0.6607142857142857,9
142,3,BADUNG,0,1,7,22,2792,0,0,23,2826, 19 Dec 2020,1,237,22,2534,0,55,badung,2020-12-19,Badung,Mangupura,418.52,345.863,543.332,615.148,0.779 (High),I Nyoman Giri Prasta,6.0,16/46,23,4.59,0.09,8.571428571428571,0.01,0.0,,1.95,-0.4545454545454546,1
143,4,DENPASAR,0,1,33,23,4268,0,0,24,4349, 19 Dec 2020,9,197,14,4054,1,98,denpasar,2020-12-19,Kota Denpasar,Denpasar,127.78,532.44,788.589,879.098,0.816 (Very High),Ida Bagus Rai Dharmawijaya Mantra,4.0,16/27,24,4.95,0.11,11.285714285714286,0.01,0.14285714285714285,,2.25,-0.3130434782608694,8
144,5,GIANYAR,0,0,16,14,2145,0,0,14,2190, 19 Dec 2020,7,221,7,1892,0,77,gianyar,2020-12-19,Gianyar,Gianyar,368.00,393.155,469.777,494.729,0.742 (High),I Made Agus Mahayastra,7.0,6/64,14,4.43,0.16,13.285714285714286,0.03,0.14285714285714285,,3.52,-0.06999999999999995,4
145,6,BANGLI,0,0,4,2,855,0,0,2,917, 19 Dec 2020,-1,21,3,859,0,37,bangli,2020-12-19,Bangli,Bangli,490.71,193.776,215.353,222.474,0.657 (Medium),I Made Gianyar,4.0,4/68,2,4.12,0.17,12.714285714285714,0.06,0.14285714285714285,,4.03,0.0348837209302324,2
146,7,KLUNGKUNG,0,0,2,2,952,0,0,2,973, 19 Dec 2020,-1,19,3,932,0,22,klungkung,2020-12-19,Klungkung,Semarapura,315.00,155.262,170.543,175.573,0.683 (Medium),I Nyoman Suwirta,4.0,6/53,2,5.54,0.13,13.0,0.07,0.14285714285714285,0.12,2.26,0.4677419354838708,7
147,8,KARANGASEM,0,0,0,1,1021,0,0,1,1044, 19 Dec 2020,1,11,0,982,0,51,karangasem,2020-12-19,Karangasem,Amlapura,839.54,360.486,396.487,408.487,0.640 (Medium),I Gusti Ayu Mas Sumatri,8.0,3/75,1,2.56,0.12,12.857142857142858,0.03,0.14285714285714285,0.13,4.89,2.0,6
148,9,BULELENG,0,1,10,3,1264,0,0,4,1315, 19 Dec 2020,-4,70,8,1181,0,64,buleleng,2020-12-19,Buleleng,Singaraja,"1,364.73",558.181,624.125,645.893,0.691 (Medium),Putu Agus Suradnyana,9.0,19/129,4,2.04,0.1,10.0,0.02,0.14285714285714285,0.13,4.87,0.8421052631578947,3
149,10,KABUPATEN LAINNYA,0,0,31,0,13,0,0,0,49, 19 Dec 2020,0,3,0,45,0,1,kabupaten lainnya,2020-12-19,,,,,,,,,,,0,,,6.714285714285714,,0.14285714285714285,,2.04,-0.21666666666666667,0
150,1,JEMBRANA,0,1,17,28,744,0,0,1,787,20 Dec 2020,22,88,7,682,29,17,jembrana,2020-12-20,Jembrana,Negara,841.80,231.806,261.638,271.423,0.686 (Medium),I Putu Artha,5.0,10/41,1,2.9,0.06,3.4285714285714284,0.01,4.142857142857143,,2.16,-0.6962025316455697,5
151,2,TABANAN,0,0,9,16,1790,0,0,16,1790,20 Dec 2020,21,121,33,1609,2,60,tabanan,2020-12-20,Tabanan,Tabanan,839.30,376.03,420.913,435.753,0.726 (High),Ni Putu Eka Wiryastuti,10.0,-/133,16,4.11,0.14,3.7142857142857144,0.01,4.428571428571429,,3.35,-0.7204301075268817,9
152,3,BADUNG,0,0,7,26,2818,0,0,26,2852,20 Dec 2020,6,243,20,2554,0,55,badung,2020-12-20,Badung,Mangupura,418.52,345.863,543.332,615.148,0.779 (High),I Nyoman Giri Prasta,6.0,16/46,26,4.64,0.09,7.142857142857143,0.01,4.428571428571429,,1.93,-0.4382022471910112,1
153,4,DENPASAR,0,0,33,4,4272,0,0,4,4353,20 Dec 2020,-4,193,8,4062,0,98,denpasar,2020-12-20,Kota Denpasar,Denpasar,127.78,532.44,788.589,879.098,0.816 (Very High),Ida Bagus Rai Dharmawijaya Mantra,4.0,16/27,4,4.95,0.11,7.428571428571429,0.01,4.428571428571429,,2.25,-0.4285714285714286,8
154,5,GIANYAR,0,0,16,13,2158,0,0,13,2203,20 Dec 2020,0,221,13,1905,0,77,gianyar,2020-12-20,Gianyar,Gianyar,368.00,393.155,469.777,494.729,0.742 (High),I Made Agus Mahayastra,7.0,6/64,13,4.45,0.16,9.142857142857142,0.02,4.428571428571429,,3.5,-0.288888888888889,4
155,6,BANGLI,0,0,4,6,861,0,0,6,923,20 Dec 2020,3,24,3,862,0,37,bangli,2020-12-20,Bangli,Bangli,490.71,193.776,215.353,222.474,0.657 (Medium),I Made Gianyar,4.0,4/68,6,4.15,0.17,9.428571428571429,0.04,4.428571428571429,,4.01,-0.05714285714285716,2
156,7,KLUNGKUNG,0,0,2,0,952,0,0,0,973,20 Dec 2020,0,19,0,932,0,22,klungkung,2020-12-20,Klungkung,Semarapura,315.00,155.262,170.543,175.573,0.683 (Medium),I Nyoman Suwirta,4.0,6/53,0,5.54,0.13,9.428571428571429,0.05,4.428571428571429,0.12,2.26,0.4042553191489362,7
157,8,KARANGASEM,0,0,0,0,1024,0,0,0,1044,20 Dec 2020,-2,9,2,984,0,51,karangasem,2020-12-20,Karangasem,Amlapura,839.54,360.486,396.487,408.487,0.640 (Medium),I Gusti Ayu Mas Sumatri,8.0,3/75,0,2.56,0.12,9.285714285714286,0.02,0.2857142857142857,0.13,4.89,1.708333333333334,6
158,9,BULELENG,0,0,10,5,1269,0,0,5,1320,20 Dec 2020,0,70,5,1186,0,64,buleleng,2020-12-20,Buleleng,Singaraja,"1,364.73",558.181,624.125,645.893,0.691 (Medium),Putu Agus Suradnyana,9.0,19/129,5,2.04,0.1,7.714285714285714,0.01,0.0,0.13,4.85,1.076923076923077,3
159,10,KABUPATEN LAINNYA,0,0,31,0,13,0,0,0,49,20 Dec 2020,0,3,0,45,0,1,kabupaten lainnya,2020-12-20,,,,,,,,,,,0,,,4.0,,0.0,,2.04,-0.44000000000000006,0
160,1,JEMBRANA,0,0,17,1,745,0,0,1,788, 21 Dec 2020,-12,76,13,695,0,17,jembrana,2020-12-21,Jembrana,Negara,841.80,231.806,261.638,271.423,0.686 (Medium),I Putu Artha,5.0,10/41,1,2.9,0.06,3.5714285714285716,0.01,0.0,,2.16,-0.5192307692307692,5
161,2,TABANAN,0,0,9,30,1790,0,0,30,1820, 21 Dec 2020,16,137,14,1623,0,60,tabanan,2020-12-21,Tabanan,Tabanan,839.30,376.03,420.913,435.753,0.726 (High),Ni Putu Eka Wiryastuti,10.0,-/133,30,4.18,0.14,6.0,0.01,0.0,,3.3,-0.34375,9
162,3,BADUNG,0,0,7,40,2858,0,0,40,2892, 21 Dec 2020,12,255,28,2582,0,55,badung,2020-12-21,Badung,Mangupura,418.52,345.863,543.332,615.148,0.779 (High),I Nyoman Giri Prasta,6.0,16/46,40,4.7,0.09,10.857142857142858,0.02,0.0,,1.9,0.1515151515151516,1
163,4,DENPASAR,0,2,35,43,4315,0,0,45,4398, 21 Dec 2020,3,196,42,4104,0,98,denpasar,2020-12-21,Kota Denpasar,Denpasar,127.78,532.44,788.589,879.098,0.816 (Very High),Ida Bagus Rai Dharmawijaya Mantra,4.0,16/27,45,5.0,0.11,17.285714285714285,0.02,0.0,,2.23,0.8333333333333333,8
164,5,GIANYAR,0,0,16,16,2174,0,0,16,2219, 21 Dec 2020,10,231,5,1910,1,78,gianyar,2020-12-21,Gianyar,Gianyar,368.00,393.155,469.777,494.729,0.742 (High),I Made Agus Mahayastra,7.0,6/64,16,4.49,0.16,19.571428571428573,0.04,0.14285714285714285,,3.52,1.1076923076923078,4
165,6,BANGLI,0,0,4,0,861,0,0,0,923, 21 Dec 2020,0,24,0,862,0,37,bangli,2020-12-21,Bangli,Bangli,490.71,193.776,215.353,222.474,0.657 (Medium),I Made Gianyar,4.0,4/68,0,4.15,0.17,18.857142857142858,0.08,0.14285714285714285,,4.01,1.4444444444444446,2
166,7,KLUNGKUNG,0,0,2,0,952,0,0,0,973, 21 Dec 2020,0,19,0,932,0,22,klungkung,2020-12-21,Klungkung,Semarapura,315.00,155.262,170.543,175.573,0.683 (Medium),I Nyoman Suwirta,4.0,6/53,0,5.54,0.13,18.857142857142858,0.11,0.14285714285714285,0.12,2.26,3.7142857142857144,7
167,8,KARANGASEM,0,0,0,3,1024,0,0,3,1047, 21 Dec 2020,2,11,1,985,0,51,karangasem,2020-12-21,Karangasem,Amlapura,839.54,360.486,396.487,408.487,0.640 (Medium),I Gusti Ayu Mas Sumatri,8.0,3/75,3,2.56,0.12,19.142857142857142,0.05,0.14285714285714285,0.13,4.87,4.359999999999999,6
168,9,BULELENG,0,0,10,0,1269,0,0,0,1320, 21 Dec 2020,-12,58,12,1198,0,64,buleleng,2020-12-21,Buleleng,Singaraja,"1,364.73",558.181,624.125,645.893,0.691 (Medium),Putu Agus Suradnyana,9.0,19/129,0,2.04,0.1,14.857142857142858,0.02,0.14285714285714285,0.13,4.85,1.4761904761904763,3
169,10,KABUPATEN LAINNYA,0,0,31,0,13,0,0,0,49, 21 Dec 2020,0,3,0,45,0,1,kabupaten lainnya,2020-12-21,,,,,,,,,,,0,,,9.142857142857142,,0.14285714285714285,,2.04,-0.1578947368421053,0
170,1,JEMBRANA,0,0,17,1,746,0,0,1,789,22 Dec 2020,0,76,1,696,0,17,jembrana,2020-12-22,Jembrana,Negara,841.80,231.806,261.638,271.423,0.686 (Medium),I Putu Artha,5.0,10/41,1,2.91,0.06,2.857142857142857,0.01,0.14285714285714285,,2.15,-0.8347107438016529,5
171,2,TABANAN,0,0,9,6,1796,0,0,6,1826,22 Dec 2020,-4,133,10,1633,0,60,tabanan,2020-12-22,Tabanan,Tabanan,839.30,376.03,420.913,435.753,0.726 (High),Ni Putu Eka Wiryastuti,10.0,-/133,6,4.19,0.14,1.4285714285714286,0.0,0.0,,3.29,-0.927007299270073,9
172,3,BADUNG,0,2,9,28,2886,0,0,30,2922,22 Dec 2020,6,261,24,2606,0,55,badung,2020-12-22,Badung,Mangupura,418.52,345.863,543.332,615.148,0.779 (High),I Nyoman Giri Prasta,6.0,16/46,30,4.75,0.09,5.714285714285714,0.01,0.0,,1.88,-0.696969696969697,1
173,4,DENPASAR,0,7,42,38,4353,0,0,45,4443,22 Dec 2020,16,212,29,4133,0,98,denpasar,2020-12-22,Kota Denpasar,Denpasar,127.78,532.44,788.589,879.098,0.816 (Very High),Ida Bagus Rai Dharmawijaya Mantra,4.0,16/27,45,5.05,0.11,12.142857142857142,0.01,0.0,,2.21,-0.3560606060606061,8
174,5,GIANYAR,0,6,22,5,2179,0,0,11,2230,22 Dec 2020,-67,164,78,1988,0,78,gianyar,2020-12-22,Gianyar,Gianyar,368.00,393.155,469.777,494.729,0.742 (High),I Made Agus Mahayastra,7.0,6/64,11,4.51,0.16,13.285714285714286,0.03,0.0,,3.5,-0.30597014925373134,4
175,6,BANGLI,0,0,4,6,867,0,0,6,929,22 Dec 2020,0,24,6,868,0,37,bangli,2020-12-22,Bangli,Bangli,490.71,193.776,215.353,222.474,0.657 (Medium),I Made Gianyar,4.0,4/68,6,4.18,0.17,14.142857142857142,0.06,0.0,,3.98,-0.04807692307692313,2
176,7,KLUNGKUNG,0,0,2,1,953,0,0,1,974,22 Dec 2020,-5,14,6,938,0,22,klungkung,2020-12-22,Klungkung,Semarapura,315.00,155.262,170.543,175.573,0.683 (Medium),I Nyoman Suwirta,4.0,6/53,1,5.55,0.13,14.285714285714286,0.08,0.0,0.12,2.26,0.5625000000000002,7
177,8,KARANGASEM,0,0,0,2,1026,0,0,2,1049,22 Dec 2020,1,12,1,986,0,51,karangasem,2020-12-22,Karangasem,Amlapura,839.54,360.486,396.487,408.487,0.640 (Medium),I Gusti Ayu Mas Sumatri,8.0,3/75,2,2.57,0.12,14.428571428571429,0.04,0.0,0.13,4.86,4.05,6
178,9,BULELENG,0,1,11,14,1283,0,0,15,1335,22 Dec 2020,3,61,11,1209,1,65,buleleng,2020-12-22,Buleleng,Singaraja,"1,364.73",558.181,624.125,645.893,0.691 (Medium),Putu Agus Suradnyana,9.0,19/129,15,2.07,0.1,15.714285714285714,0.02,0.14285714285714285,0.13,4.87,10.0,3
179,10,KABUPATEN LAINNYA,0,0,31,0,13,0,0,0,49,22 Dec 2020,0,3,0,45,0,1,kabupaten lainnya,2020-12-22,,,,,,,,,,,0,,,11.428571428571429,,0.14285714285714285,,2.04,1.0,0
180,1,JEMBRANA,0,1,18,11,757,0,0,12,801,23 Dec 2020,12,88,0,696,0,17,jembrana,2020-12-23,Jembrana,Negara,841.80,231.806,261.638,271.423,0.686 (Medium),I Putu Artha,5.0,10/41,12,2.95,0.06,6.714285714285714,0.02,0.14285714285714285,,2.12,-0.44705882352941173,5
181,2,TABANAN,0,0,9,12,1808,0,0,12,1838,23 Dec 2020,8,141,4,1637,0,60,tabanan,2020-12-23,Tabanan,Tabanan,839.30,376.03,420.913,435.753,0.726 (High),Ni Putu Eka Wiryastuti,10.0,-/133,12,4.22,0.14,6.857142857142857,0.02,0.14285714285714285,,3.26,-0.4838709677419355,9
182,3,BADUNG,0,1,10,47,2933,0,0,48,2970,23 Dec 2020,17,278,30,2636,1,56,badung,2020-12-23,Badung,Mangupura,418.52,345.863,543.332,615.148,0.779 (High),I Nyoman Giri Prasta,6.0,16/46,48,4.83,0.09,12.857142857142858,0.02,0.2857142857142857,,1.89,-0.09090909090909083,1
183,4,DENPASAR,0,3,45,23,4376,0,0,26,4469,23 Dec 2020,3,215,23,4156,0,98,denpasar,2020-12-23,Kota Denpasar,Denpasar,127.78,532.44,788.589,879.098,0.816 (Very High),Ida Bagus Rai Dharmawijaya Mantra,4.0,16/27,26,5.08,0.11,16.428571428571427,0.02,0.2857142857142857,,2.19,0.1499999999999999,8
184,5,GIANYAR,0,1,23,12,2191,0,0,13,2243,23 Dec 2020,-14,150,27,2015,0,78,gianyar,2020-12-23,Gianyar,Gianyar,368.00,393.155,469.777,494.729,0.742 (High),I Made Agus Mahayastra,7.0,6/64,13,4.53,0.16,18.0,0.04,0.2857142857142857,,3.48,0.24752475247524752,4
185,6,BANGLI,0,0,4,5,872,0,0,5,934,23 Dec 2020,1,25,3,871,1,38,bangli,2020-12-23,Bangli,Bangli,490.71,193.776,215.353,222.474,0.657 (Medium),I Made Gianyar,4.0,4/68,5,4.2,0.17,16.571428571428573,0.07,0.2857142857142857,,4.07,0.054545454545454675,2
186,7,KLUNGKUNG,0,0,2,1,954,0,0,1,975,23 Dec 2020,0,14,1,939,0,22,klungkung,2020-12-23,Klungkung,Semarapura,315.00,155.262,170.543,175.573,0.683 (Medium),I Nyoman Suwirta,4.0,6/53,1,5.55,0.13,16.714285714285715,0.1,0.2857142857142857,0.12,2.26,0.46250000000000013,7
187,8,KARANGASEM,0,0,0,1,1027,0,0,1,1050,23 Dec 2020,-1,11,2,988,0,51,karangasem,2020-12-23,Karangasem,Amlapura,839.54,360.486,396.487,408.487,0.640 (Medium),I Gusti Ayu Mas Sumatri,8.0,3/75,1,2.57,0.12,15.142857142857142,0.04,0.2857142857142857,0.13,4.86,1.2553191489361701,6
188,9,BULELENG,0,1,12,3,1286,0,0,4,1339,23 Dec 2020,1,62,3,1212,0,65,buleleng,2020-12-23,Buleleng,Singaraja,"1,364.73",558.181,624.125,645.893,0.691 (Medium),Putu Agus Suradnyana,9.0,19/129,4,2.07,0.1,14.0,0.02,0.2857142857142857,0.13,4.85,1.041666666666667,3
189,10,KABUPATEN LAINNYA,0,0,31,0,13,0,0,0,49,23 Dec 2020,-2,1,2,47,0,1,kabupaten lainnya,2020-12-23,,,,,,,,,,,0,,,7.142857142857143,,0.14285714285714285,,2.04,-0.4444444444444444,0
190,1,JEMBRANA,0,0,18,1,758,0,0,1,802,24 Dec 2020,-20,68,20,716,1,18,jembrana,2020-12-24,Jembrana,Negara,841.80,231.806,261.638,271.423,0.686 (Medium),I Putu Artha,5.0,10/41,1,2.95,0.07,3.5714285714285716,0.01,0.2857142857142857,,2.24,-0.7826086956521738,5
191,2,TABANAN,0,1,10,20,1828,0,0,21,1859,24 Dec 2020,-19,122,40,1677,0,60,tabanan,2020-12-24,Tabanan,Tabanan,839.30,376.03,420.913,435.753,0.726 (High),Ni Putu Eka Wiryastuti,10.0,-/133,21,4.27,0.14,4.714285714285714,0.01,0.2857142857142857,,3.23,-0.7380952380952381,9
192,3,BADUNG,0,1,11,31,2964,0,0,32,3002,24 Dec 2020,9,287,23,2659,0,56,badung,2020-12-24,Badung,Mangupura,418.52,345.863,543.332,615.148,0.779 (High),I Nyoman Giri Prasta,6.0,16/46,32,4.88,0.09,8.571428571428571,0.01,0.14285714285714285,,1.87,-0.48275862068965525,1
193,4,DENPASAR,0,1,46,30,4406,0,0,31,4500,24 Dec 2020,13,228,17,4173,1,99,denpasar,2020-12-24,Kota Denpasar,Denpasar,127.78,532.44,788.589,879.098,0.816 (Very High),Ida Bagus Rai Dharmawijaya Mantra,4.0,16/27,31,5.12,0.11,12.857142857142858,0.01,0.2857142857142857,,2.2,-0.23076923076923084,8
194,5,GIANYAR,0,2,25,14,2205,0,0,16,2259,24 Dec 2020,-6,144,22,2037,0,78,gianyar,2020-12-24,Gianyar,Gianyar,368.00,393.155,469.777,494.729,0.742 (High),I Made Agus Mahayastra,7.0,6/64,16,4.57,0.16,15.0,0.03,0.2857142857142857,,3.45,-0.009433962264150941,4
195,6,BANGLI,0,0,4,4,876,0,0,4,938,24 Dec 2020,4,29,0,871,0,38,bangli,2020-12-24,Bangli,Bangli,490.71,193.776,215.353,222.474,0.657 (Medium),I Made Gianyar,4.0,4/68,4,4.22,0.17,15.0,0.07,0.2857142857142857,,4.05,0.0714285714285714,2
196,7,KLUNGKUNG,0,0,2,1,955,0,0,1,976,24 Dec 2020,0,14,1,940,0,22,klungkung,2020-12-24,Klungkung,Semarapura,315.00,155.262,170.543,175.573,0.683 (Medium),I Nyoman Suwirta,4.0,6/53,1,5.56,0.13,15.142857142857142,0.09,0.2857142857142857,0.12,2.25,1.1199999999999997,7
197,8,KARANGASEM,0,0,0,2,1029,0,0,2,1052,24 Dec 2020,2,13,0,988,0,51,karangasem,2020-12-24,Karangasem,Amlapura,839.54,360.486,396.487,408.487,0.640 (Medium),I Gusti Ayu Mas Sumatri,8.0,3/75,2,2.58,0.12,15.285714285714286,0.04,0.14285714285714285,0.13,4.85,3.2800000000000002,6
198,9,BULELENG,0,1,13,14,1300,0,0,15,1354,24 Dec 2020,10,72,4,1216,1,66,buleleng,2020-12-24,Buleleng,Singaraja,"1,364.73",558.181,624.125,645.893,0.691 (Medium),Putu Agus Suradnyana,9.0,19/129,15,2.1,0.1,14.428571428571429,0.02,0.2857142857142857,0.13,4.87,2.0606060606060606,3
199,10,KABUPATEN LAINNYA,0,0,31,0,13,0,0,0,49,24 Dec 2020,0,1,0,47,0,1,kabupaten lainnya,2020-12-24,,,,,,,,,,,0,,,9.857142857142858,,0.2857142857142857,,2.04,0.15000000000000013,0
200,1,JEMBRANA,0,1,19,27,785,0,0,28,830,25 Dec 2020,19,87,9,725,0,18,jembrana,2020-12-25,Jembrana,Negara,841.80,231.806,261.638,271.423,0.686 (Medium),I Putu Artha,5.0,10/41,28,3.06,0.07,9.428571428571429,0.03,0.14285714285714285,,2.17,-0.2666666666666667,5
201,2,TABANAN,0,0,10,12,1840,0,0,12,1871,25 Dec 2020,-15,107,26,1703,1,61,tabanan,2020-12-25,Tabanan,Tabanan,839.30,376.03,420.913,435.753,0.726 (High),Ni Putu Eka Wiryastuti,10.0,-/133,12,4.29,0.14,8.857142857142858,0.02,0.2857142857142857,,3.26,-0.4095238095238095,9
202,3,BADUNG,0,2,13,34,2998,0,0,36,3038,25 Dec 2020,1,288,33,2692,2,58,badung,2020-12-25,Badung,Mangupura,418.52,345.863,543.332,615.148,0.779 (High),I Nyoman Giri Prasta,6.0,16/46,36,4.94,0.09,13.428571428571429,0.02,0.5714285714285714,,1.91,-0.10476190476190472,1
203,4,DENPASAR,0,0,46,12,4418,0,0,12,4512,25 Dec 2020,-3,225,14,4187,1,100,denpasar,2020-12-25,Kota Denpasar,Denpasar,127.78,532.44,788.589,879.098,0.816 (Very High),Ida Bagus Rai Dharmawijaya Mantra,4.0,16/27,12,5.13,0.11,15.0,0.02,0.7142857142857143,,2.22,-0.009433962264150941,8
204,5,GIANYAR,0,0,25,16,2221,0,0,16,2275,25 Dec 2020,7,151,8,2045,1,79,gianyar,2020-12-25,Gianyar,Gianyar,368.00,393.155,469.777,494.729,0.742 (High),I Made Agus Mahayastra,7.0,6/64,16,4.6,0.16,17.0,0.03,0.8571428571428571,,3.47,0.11214953271028039,4
205,6,BANGLI,0,0,4,1,877,0,0,1,939,25 Dec 2020,-1,28,2,873,0,38,bangli,2020-12-25,Bangli,Bangli,490.71,193.776,215.353,222.474,0.657 (Medium),I Made Gianyar,4.0,4/68,1,4.22,0.17,15.0,0.07,0.7142857142857143,,4.05,0.03960396039603964,2
206,7,KLUNGKUNG,0,0,2,0,955,0,0,0,976,25 Dec 2020,0,14,0,940,0,22,klungkung,2020-12-25,Klungkung,Semarapura,315.00,155.262,170.543,175.573,0.683 (Medium),I Nyoman Suwirta,4.0,6/53,0,5.56,0.13,15.0,0.09,0.7142857142857143,0.12,2.25,0.5217391304347825,7
207,8,KARANGASEM,0,0,0,3,1032,0,0,3,1055,25 Dec 2020,3,16,0,988,0,51,karangasem,2020-12-25,Karangasem,Amlapura,839.54,360.486,396.487,408.487,0.640 (Medium),I Gusti Ayu Mas Sumatri,8.0,3/75,3,2.58,0.12,11.428571428571429,0.03,0.7142857142857143,0.13,4.83,0.21212121212121215,6
208,9,BULELENG,0,0,13,4,1304,0,0,4,1358,25 Dec 2020,-9,63,13,1229,0,66,buleleng,2020-12-25,Buleleng,Singaraja,"1,364.73",558.181,624.125,645.893,0.691 (Medium),Putu Agus Suradnyana,9.0,19/129,4,2.1,0.1,10.285714285714286,0.02,0.5714285714285714,0.13,4.86,0.16129032258064524,3
209,10,KABUPATEN LAINNYA,0,0,31,0,13,0,0,0,49,25 Dec 2020,0,1,0,47,0,1,kabupaten lainnya,2020-12-25,,,,,,,,,,,0,,,5.142857142857143,,0.2857142857142857,,2.04,-0.6170212765957447,0
210,1,JEMBRANA,0,0,19,3,788,0,0,3,833,26 Dec 2020,-7,80,8,733,2,20,jembrana,2020-12-26,Jembrana,Negara,841.80,231.806,261.638,271.423,0.686 (Medium),I Putu Artha,5.0,10/41,3,3.07,0.07,3.857142857142857,0.01,0.42857142857142855,,2.4,-0.7428571428571429,5
211,2,TABANAN,0,0,10,29,1869,0,0,29,1900,26 Dec 2020,5,112,23,1726,1,62,tabanan,2020-12-26,Tabanan,Tabanan,839.30,376.03,420.913,435.753,0.726 (High),Ni Putu Eka Wiryastuti,10.0,-/133,29,4.36,0.14,5.714285714285714,0.01,0.42857142857142855,,3.26,-0.6638655462184874,9
212,3,BADUNG,1,1,14,25,3023,0,0,27,3065,26 Dec 2020,9,297,17,2709,1,59,badung,2020-12-26,Badung,Mangupura,418.52,345.863,543.332,615.148,0.779 (High),I Nyoman Giri Prasta,6.0,16/46,27,4.98,0.1,9.428571428571429,0.02,0.5714285714285714,,1.92,-0.37142857142857144,1
213,4,DENPASAR,0,5,51,21,4439,0,0,26,4538,26 Dec 2020,-1,224,27,4214,0,100,denpasar,2020-12-26,Kota Denpasar,Denpasar,127.78,532.44,788.589,879.098,0.816 (Very High),Ida Bagus Rai Dharmawijaya Mantra,4.0,16/27,26,5.16,0.11,13.142857142857142,0.01,0.5714285714285714,,2.2,-0.12380952380952381,8
214,5,GIANYAR,0,0,25,11,2232,0,0,11,2286,26 Dec 2020,-3,148,14,2059,0,79,gianyar,2020-12-26,Gianyar,Gianyar,368.00,393.155,469.777,494.729,0.742 (High),I Made Agus Mahayastra,7.0,6/64,11,4.62,0.16,14.285714285714286,0.03,0.5714285714285714,,3.46,0.25,4
215,6,BANGLI,0,0,4,0,877,0,0,0,939,26 Dec 2020,-3,25,3,876,0,38,bangli,2020-12-26,Bangli,Bangli,490.71,193.776,215.353,222.474,0.657 (Medium),I Made Gianyar,4.0,4/68,0,4.22,0.17,13.714285714285714,0.06,0.5714285714285714,,4.05,0.33333333333333326,2
216,7,KLUNGKUNG,0,0,2,0,955,0,0,0,976,26 Dec 2020,-2,12,2,942,0,22,klungkung,2020-12-26,Klungkung,Semarapura,315.00,155.262,170.543,175.573,0.683 (Medium),I Nyoman Suwirta,4.0,6/53,0,5.56,0.13,13.714285714285714,0.08,0.5714285714285714,0.13,2.25,1.6666666666666665,7
217,8,KARANGASEM,0,0,0,0,1032,0,0,0,1055,26 Dec 2020,-1,15,1,989,0,51,karangasem,2020-12-26,Karangasem,Amlapura,839.54,360.486,396.487,408.487,0.640 (Medium),I Gusti Ayu Mas Sumatri,8.0,3/75,0,2.58,0.12,13.285714285714286,0.03,0.2857142857142857,0.13,4.83,2.4444444444444446,6
218,9,BULELENG,0,0,13,0,1304,0,0,0,1358,26 Dec 2020,-9,54,9,1238,0,66,buleleng,2020-12-26,Buleleng,Singaraja,"1,364.73",558.181,624.125,645.893,0.691 (Medium),Putu Agus Suradnyana,9.0,19/129,0,2.1,0.1,9.142857142857142,0.01,0.14285714285714285,0.13,4.86,0.5999999999999999,3
219,10,KABUPATEN LAINNYA,0,0,31,0,13,0,0,0,49,26 Dec 2020,0,1,0,47,0,1,kabupaten lainnya,2020-12-26,,,,,,,,,,,0,,,5.285714285714286,,0.0,,2.04,-0.43939393939393945,0
220,1,JEMBRANA,0,0,19,0,788,0,0,0,833,27 Dec 2020,-11,69,11,744,0,20,jembrana,2020-12-27,Jembrana,Negara,841.80,231.806,261.638,271.423,0.686 (Medium),I Putu Artha,5.0,10/41,0,3.07,0.07,1.5714285714285714,0.01,0.0,,2.4,-0.8804347826086957,5
221,2,TABANAN,0,2,12,13,1882,0,0,15,1915,27 Dec 2020,-8,104,23,1749,0,62,tabanan,2020-12-27,Tabanan,Tabanan,839.30,376.03,420.913,435.753,0.726 (High),Ni Putu Eka Wiryastuti,10.0,-/133,15,4.39,0.14,2.142857142857143,0.0,0.0,,3.24,-0.85,9
222,3,BADUNG,0,1,15,11,3034,0,0,12,3077,27 Dec 2020,-25,272,37,2746,0,59,badung,2020-12-27,Badung,Mangupura,418.52,345.863,543.332,615.148,0.779 (High),I Nyoman Giri Prasta,6.0,16/46,12,5.0,0.1,3.857142857142857,0.01,0.0,,1.92,-0.71875,1
223,4,DENPASAR,0,1,52,11,4450,0,0,12,4550,27 Dec 2020,-2,222,13,4227,1,101,denpasar,2020-12-27,Kota Denpasar,Denpasar,127.78,532.44,788.589,879.098,0.816 (Very High),Ida Bagus Rai Dharmawijaya Mantra,4.0,16/27,12,5.18,0.11,5.571428571428571,0.01,0.14285714285714285,,2.22,-0.59375,8
224,5,GIANYAR,0,0,25,13,2245,0,0,13,2299,27 Dec 2020,3,151,10,2069,0,79,gianyar,2020-12-27,Gianyar,Gianyar,368.00,393.155,469.777,494.729,0.742 (High),I Made Agus Mahayastra,7.0,6/64,13,4.65,0.16,7.428571428571429,0.02,0.14285714285714285,,3.44,-0.4408602150537635,4
225,6,BANGLI,0,0,4,1,878,0,0,1,940,27 Dec 2020,0,25,0,876,1,39,bangli,2020-12-27,Bangli,Bangli,490.71,193.776,215.353,222.474,0.657 (Medium),I Made Gianyar,4.0,4/68,1,4.23,0.18,7.571428571428571,0.03,0.2857142857142857,,4.15,-0.171875,2
226,7,KLUNGKUNG,0,0,2,2,957,0,0,2,978,27 Dec 2020,2,14,0,942,0,22,klungkung,2020-12-27,Klungkung,Semarapura,315.00,155.262,170.543,175.573,0.683 (Medium),I Nyoman Suwirta,4.0,6/53,2,5.57,0.13,7.857142857142857,0.04,0.2857142857142857,0.13,2.25,0.4864864864864864,7
227,8,KARANGASEM,0,0,0,3,1035,0,0,3,1058,27 Dec 2020,3,18,0,989,0,51,karangasem,2020-12-27,Karangasem,Amlapura,839.54,360.486,396.487,408.487,0.640 (Medium),I Gusti Ayu Mas Sumatri,8.0,3/75,3,2.59,0.12,8.285714285714286,0.02,0.2857142857142857,0.13,4.82,4.272727272727273,6
228,9,BULELENG,0,0,13,8,1312,0,0,8,1366,27 Dec 2020,3,57,4,1242,1,67,buleleng,2020-12-27,Buleleng,Singaraja,"1,364.73",558.181,624.125,645.893,0.691 (Medium),Putu Agus Suradnyana,9.0,19/129,8,2.11,0.1,7.285714285714286,0.01,0.42857142857142855,0.13,4.9,2.4,3
229,10,KABUPATEN LAINNYA,0,0,31,0,13,0,0,0,49,27 Dec 2020,0,1,0,47,0,1,kabupaten lainnya,2020-12-27,,,,,,,,,,,0,,,5.571428571428571,,0.42857142857142855,,2.04,0.4444444444444444,0
230,1,JEMBRANA,0,0,19,9,797,0,0,9,842,28 Dec 2020,-15,54,23,767,1,21,jembrana,2020-12-28,Jembrana,Negara,841.80,231.806,261.638,271.423,0.686 (Medium),I Putu Artha,5.0,10/41,9,3.1,0.08,5.142857142857143,0.02,0.42857142857142855,,2.49,-0.07692307692307676,5
231,2,TABANAN,0,1,13,18,1900,0,0,19,1934,28 Dec 2020,3,107,16,1765,0,62,tabanan,2020-12-28,Tabanan,Tabanan,839.30,376.03,420.913,435.753,0.726 (High),Ni Putu Eka Wiryastuti,10.0,-/133,19,4.44,0.14,6.0,0.01,0.42857142857142855,,3.21,-0.1923076923076923,9
232,3,BADUNG,0,1,16,18,3052,0,0,19,3096,28 Dec 2020,-7,265,25,2771,1,60,badung,2020-12-28,Badung,Mangupura,418.52,345.863,543.332,615.148,0.779 (High),I Nyoman Giri Prasta,6.0,16/46,19,5.03,0.1,8.571428571428571,0.01,0.42857142857142855,,1.94,0.13207547169811318,1
233,4,DENPASAR,0,7,59,48,4498,0,0,55,4605,28 Dec 2020,17,239,36,4263,2,103,denpasar,2020-12-28,Kota Denpasar,Denpasar,127.78,532.44,788.589,879.098,0.816 (Very High),Ida Bagus Rai Dharmawijaya Mantra,4.0,16/27,55,5.24,0.12,16.142857142857142,0.02,0.7142857142857143,,2.24,1.0545454545454547,8
234,5,GIANYAR,0,2,27,33,2278,0,0,35,2334,28 Dec 2020,25,176,10,2079,0,79,gianyar,2020-12-28,Gianyar,Gianyar,368.00,393.155,469.777,494.729,0.742 (High),I Made Agus Mahayastra,7.0,6/64,35,4.72,0.16,20.714285714285715,0.04,0.7142857142857143,,3.38,1.5,4
235,6,BANGLI,0,0,4,0,878,0,0,0,940,28 Dec 2020,-12,13,12,888,0,39,bangli,2020-12-28,Bangli,Bangli,490.71,193.776,215.353,222.474,0.657 (Medium),I Made Gianyar,4.0,4/68,0,4.23,0.18,19.571428571428573,0.09,0.5714285714285714,,4.15,1.6862745098039218,2
236,7,KLUNGKUNG,0,0,2,1,958,0,0,1,979,28 Dec 2020,-1,13,2,944,0,22,klungkung,2020-12-28,Klungkung,Semarapura,315.00,155.262,170.543,175.573,0.683 (Medium),I Nyoman Suwirta,4.0,6/53,1,5.58,0.13,19.714285714285715,0.11,0.5714285714285714,0.13,2.25,2.5384615384615388,7
237,8,KARANGASEM,0,0,0,0,1035,0,0,0,1058,28 Dec 2020,0,18,0,989,0,51,karangasem,2020-12-28,Karangasem,Amlapura,839.54,360.486,396.487,408.487,0.640 (Medium),I Gusti Ayu Mas Sumatri,8.0,3/75,0,2.59,0.12,18.428571428571427,0.05,0.42857142857142855,0.14,4.82,2.5833333333333326,6
238,9,BULELENG,0,0,13,0,1312,0,0,0,1366,28 Dec 2020,-7,50,7,1249,0,67,buleleng,2020-12-28,Buleleng,Singaraja,"1,364.73",558.181,624.125,645.893,0.691 (Medium),Putu Agus Suradnyana,9.0,19/129,0,2.11,0.1,15.714285714285714,0.02,0.42857142857142855,0.13,4.9,1.619047619047619,3
239,10,KABUPATEN LAINNYA,0,0,31,0,13,0,0,0,49,28 Dec 2020,0,1,0,47,0,1,kabupaten lainnya,2020-12-28,,,,,,,,,,,0,,,13.0,,0.2857142857142857,,2.04,0.5166666666666666,0
240,1,JEMBRANA,0,0,19,15,813,0,0,15,858, 30 Dec 2020,8,59,5,776,2,23,jembrana,2020-12-30,Jembrana,Negara,841.80,231.806,261.638,271.423,0.686 (Medium),I Putu Artha,5.0,10/41,15,3.16,0.08,7.285714285714286,0.03,0.2857142857142857,,2.68,-0.5486725663716814,5
241,2,TABANAN,0,-1,14,27,1970,0,0,26,2005, 30 Dec 2020,-2,130,27,1812,1,63,tabanan,2020-12-30,Tabanan,Tabanan,839.30,376.03,420.913,435.753,0.726 (High),Ni Putu Eka Wiryastuti,10.0,-/133,26,4.6,0.14,6.0,0.01,0.42857142857142855,,3.14,-0.710344827586207,9
242,3,BADUNG,0,0,17,36,3125,0,0,36,3170, 30 Dec 2020,20,278,14,2830,2,62,badung,2020-12-30,Badung,Mangupura,418.52,345.863,543.332,615.148,0.779 (High),I Nyoman Giri Prasta,6.0,16/46,36,5.15,0.1,11.142857142857142,0.02,0.7142857142857143,,1.96,-0.43065693430656937,1
243,4,DENPASAR,0,4,71,44,4593,0,0,48,4712, 30 Dec 2020,17,261,28,4344,3,107,denpasar,2020-12-30,Kota Denpasar,Denpasar,127.78,532.44,788.589,879.098,0.816 (Very High),Ida Bagus Rai Dharmawijaya Mantra,4.0,16/27,48,5.36,0.12,17.857142857142858,0.02,1.1428571428571428,,2.27,-0.09420289855072461,8
244,5,GIANYAR,0,1,28,12,2307,0,0,13,2364, 30 Dec 2020,-5,174,18,2110,0,80,gianyar,2020-12-30,Gianyar,Gianyar,368.00,393.155,469.777,494.729,0.742 (High),I Made Agus Mahayastra,7.0,6/64,13,4.78,0.16,19.714285714285715,0.04,1.1428571428571428,,3.38,0.06976744186046524,4
245,6,BANGLI,0,0,4,3,881,0,0,3,943, 30 Dec 2020,-2,11,5,893,0,39,bangli,2020-12-30,Bangli,Bangli,490.71,193.776,215.353,222.474,0.657 (Medium),I Made Gianyar,4.0,4/68,3,4.24,0.18,20.142857142857142,0.09,1.1428571428571428,,4.14,0.28181818181818175,2
246,7,KLUNGKUNG,0,0,2,9,973,0,0,9,994, 30 Dec 2020,7,23,2,949,0,22,klungkung,2020-12-30,Klungkung,Semarapura,315.00,155.262,170.543,175.573,0.683 (Medium),I Nyoman Suwirta,4.0,6/53,9,5.66,0.13,21.428571428571427,0.12,1.1428571428571428,0.13,2.21,0.6483516483516483,7
247,8,KARANGASEM,0,0,0,0,1036,0,0,0,1059, 30 Dec 2020,-1,18,0,989,1,52,karangasem,2020-12-30,Karangasem,Amlapura,839.54,360.486,396.487,408.487,0.640 (Medium),I Gusti Ayu Mas Sumatri,8.0,3/75,0,2.59,0.13,19.285714285714285,0.05,1.0,0.14,4.91,1.6470588235294117,6
248,9,BULELENG,0,0,13,7,1324,0,0,7,1378, 30 Dec 2020,-1,51,8,1260,0,67,buleleng,2020-12-30,Buleleng,Singaraja,"1,364.73",558.181,624.125,645.893,0.691 (Medium),Putu Agus Suradnyana,9.0,19/129,7,2.13,0.1,16.571428571428573,0.03,0.8571428571428571,0.13,4.86,1.7619047619047623,3
249,10,KABUPATEN LAINNYA,0,0,31,0,13,0,0,0,49, 30 Dec 2020,0,1,0,47,0,1,kabupaten lainnya,2020-12-30,,,,,,,,,,,0,,,11.428571428571429,,0.5714285714285714,,2.04,0.025641025641025772,0
250,1,JEMBRANA,0,0,19,36,849,0,0,36,894, 31 Dec 2020,26,85,9,785,1,24,jembrana,2020-12-31,Jembrana,Negara,841.80,231.806,261.638,271.423,0.686 (Medium),I Putu Artha,5.0,10/41,36,3.29,0.09,9.714285714285714,0.04,0.2857142857142857,,2.68,-0.45600000000000007,5
251,2,TABANAN,0,0,14,39,2009,0,0,39,2044, 31 Dec 2020,8,138,31,1843,0,63,tabanan,2020-12-31,Tabanan,Tabanan,839.30,376.03,420.913,435.753,0.726 (High),Ni Putu Eka Wiryastuti,10.0,-/133,39,4.69,0.14,13.428571428571429,0.03,0.2857142857142857,,3.08,-0.3188405797101449,9
252,3,BADUNG,0,1,18,22,3147,0,0,23,3193, 31 Dec 2020,3,281,18,2848,2,64,badung,2020-12-31,Badung,Mangupura,418.52,345.863,543.332,615.148,0.779 (High),I Nyoman Giri Prasta,6.0,16/46,23,5.19,0.1,16.285714285714285,0.03,0.5714285714285714,,2.0,-0.19148936170212771,1
253,4,DENPASAR,0,4,75,43,4636,0,0,47,4759, 31 Dec 2020,20,281,27,4371,0,107,denpasar,2020-12-31,Kota Denpasar,Denpasar,127.78,532.44,788.589,879.098,0.816 (Very High),Ida Bagus Rai Dharmawijaya Mantra,4.0,16/27,47,5.41,0.12,21.714285714285715,0.02,0.5714285714285714,,2.25,0.01333333333333342,8
254,5,GIANYAR,0,0,28,17,2324,0,0,17,2381, 31 Dec 2020,8,182,8,2118,1,81,gianyar,2020-12-31,Gianyar,Gianyar,368.00,393.155,469.777,494.729,0.742 (High),I Made Agus Mahayastra,7.0,6/64,17,4.81,0.16,24.142857142857142,0.05,0.5714285714285714,,3.4,0.251851851851852,4
255,6,BANGLI,0,0,4,1,882,0,0,1,944, 31 Dec 2020,0,11,1,894,0,39,bangli,2020-12-31,Bangli,Bangli,490.71,193.776,215.353,222.474,0.657 (Medium),I Made Gianyar,4.0,4/68,1,4.24,0.18,23.285714285714285,0.1,0.5714285714285714,,4.13,0.4051724137931032,2
256,7,KLUNGKUNG,0,1,3,0,973,0,0,1,995, 31 Dec 2020,-2,21,3,952,0,22,klungkung,2020-12-31,Klungkung,Semarapura,315.00,155.262,170.543,175.573,0.683 (Medium),I Nyoman Suwirta,4.0,6/53,1,5.67,0.13,23.428571428571427,0.13,0.5714285714285714,0.13,2.21,1.0499999999999998,7
257,8,KARANGASEM,1,2,2,11,1047,0,0,14,1073, 31 Dec 2020,13,31,1,990,0,52,karangasem,2020-12-31,Karangasem,Amlapura,839.54,360.486,396.487,408.487,0.640 (Medium),I Gusti Ayu Mas Sumatri,8.0,3/75,14,2.63,0.13,20.285714285714285,0.05,0.42857142857142855,0.14,4.85,1.0882352941176472,6
258,9,BULELENG,0,0,13,0,1324,0,0,0,1378, 31 Dec 2020,-1,50,1,1261,0,67,buleleng,2020-12-31,Buleleng,Singaraja,"1,364.73",558.181,624.125,645.893,0.691 (Medium),Putu Agus Suradnyana,9.0,19/129,0,2.13,0.1,14.714285714285714,0.02,0.42857142857142855,0.13,4.86,0.0957446808510638,3
259,10,KABUPATEN LAINNYA,0,0,31,1,14,0,0,1,50, 31 Dec 2020,1,2,0,47,0,1,kabupaten lainnya,2020-12-31,,,,,,,,,,,1,,,11.571428571428571,,0.14285714285714285,,2.0,-0.2894736842105263,0
260,1,JEMBRANA,0,0,19,6,855,0,0,6,900, 01 Jan 2021,4,89,1,786,1,25,jembrana,2021-01-01,Jembrana,Negara,841.80,231.806,261.638,271.423,0.686 (Medium),I Putu Artha,5.0,10/41,6,3.32,0.09,5.714285714285714,0.02,0.2857142857142857,,2.78,-0.736842105263158,5
261,2,TABANAN,0,0,14,16,2025,0,0,16,2060, 01 Jan 2021,-3,135,19,1862,0,63,tabanan,2021-01-01,Tabanan,Tabanan,839.30,376.03,420.913,435.753,0.726 (High),Ni Putu Eka Wiryastuti,10.0,-/133,16,4.73,0.14,5.571428571428571,0.01,0.14285714285714285,,3.06,-0.7692307692307693,9
262,3,BADUNG,0,3,21,30,3177,0,0,33,3226, 01 Jan 2021,6,287,27,2875,0,64,badung,2021-01-01,Badung,Mangupura,418.52,345.863,543.332,615.148,0.779 (High),I Nyoman Giri Prasta,6.0,16/46,33,5.24,0.1,10.142857142857142,0.02,0.14285714285714285,,1.98,-0.5644171779141105,1
263,4,DENPASAR,0,0,75,17,4653,0,0,17,4776, 01 Jan 2021,-3,278,20,4391,0,107,denpasar,2021-01-01,Kota Denpasar,Denpasar,127.78,532.44,788.589,879.098,0.816 (Very High),Ida Bagus Rai Dharmawijaya Mantra,4.0,16/27,17,5.43,0.12,12.428571428571429,0.01,0.14285714285714285,,2.24,-0.4695121951219512,8
264,5,GIANYAR,0,1,29,14,2338,0,0,15,2396, 01 Jan 2021,0,182,15,2133,0,81,gianyar,2021-01-01,Gianyar,Gianyar,368.00,393.155,469.777,494.729,0.742 (High),I Made Agus Mahayastra,7.0,6/64,15,4.84,0.16,12.571428571428571,0.03,0.14285714285714285,,3.38,-0.380281690140845,4
265,6,BANGLI,0,0,4,0,882,0,0,0,944, 01 Jan 2021,-1,10,1,895,0,39,bangli,2021-01-01,Bangli,Bangli,490.71,193.776,215.353,222.474,0.657 (Medium),I Made Gianyar,4.0,4/68,0,4.24,0.18,12.571428571428571,0.06,0.14285714285714285,,4.13,-0.14563106796116498,2
266,7,KLUNGKUNG,0,0,3,3,976,0,0,3,998, 01 Jan 2021,3,24,0,952,0,22,klungkung,2021-01-01,Klungkung,Semarapura,315.00,155.262,170.543,175.573,0.683 (Medium),I Nyoman Suwirta,4.0,6/53,3,5.68,0.13,12.857142857142858,0.07,0.14285714285714285,0.13,2.2,0.11111111111111116,7
267,8,KARANGASEM,0,0,2,2,1049,0,0,2,1075, 01 Jan 2021,1,32,1,991,0,52,karangasem,2021-01-01,Karangasem,Amlapura,839.54,360.486,396.487,408.487,0.640 (Medium),I Gusti Ayu Mas Sumatri,8.0,3/75,2,2.63,0.13,12.285714285714286,0.03,0.0,0.14,4.84,1.15,6
268,9,BULELENG,0,3,16,6,1330,0,0,9,1387, 01 Jan 2021,0,50,9,1270,0,67,buleleng,2021-01-01,Buleleng,Singaraja,"1,364.73",558.181,624.125,645.893,0.691 (Medium),Putu Agus Suradnyana,9.0,19/129,9,2.15,0.1,11.285714285714286,0.02,0.0,0.13,4.83,1.025641025641026,3
269,10,KABUPATEN LAINNYA,0,0,31,0,14,0,0,0,50, 01 Jan 2021,0,2,0,47,0,1,kabupaten lainnya,2021-01-01,,,,,,,,,,,0,,,6.571428571428571,,0.0,,2.0,-0.352112676056338,0
270,1,JEMBRANA,0,0,19,6,861,0,0,6,906, 02 Jan 2021,-16,73,22,808,0,25,jembrana,2021-01-02,Jembrana,Negara,841.80,231.806,261.638,271.423,0.686 (Medium),I Putu Artha,5.0,10/41,6,3.34,0.09,5.0,0.02,0.0,,2.76,-0.5977011494252873,5
271,2,TABANAN,0,1,15,45,2070,0,0,46,2106, 02 Jan 2021,26,161,19,1881,1,64,tabanan,2021-01-02,Tabanan,Tabanan,839.30,376.03,420.913,435.753,0.726 (High),Ni Putu Eka Wiryastuti,10.0,-/133,46,4.83,0.15,9.428571428571429,0.02,0.14285714285714285,,3.04,-0.25,9
272,3,BADUNG,0,1,22,53,3230,0,0,54,3280, 02 Jan 2021,17,304,37,2912,0,64,badung,2021-01-02,Badung,Mangupura,418.52,345.863,543.332,615.148,0.779 (High),I Nyoman Giri Prasta,6.0,16/46,54,5.33,0.1,17.142857142857142,0.03,0.14285714285714285,,1.95,0.36363636363636354,1
273,4,DENPASAR,0,5,80,36,4689,0,0,41,4817, 02 Jan 2021,15,293,25,4416,1,108,denpasar,2021-01-02,Kota Denpasar,Denpasar,127.78,532.44,788.589,879.098,0.816 (Very High),Ida Bagus Rai Dharmawijaya Mantra,4.0,16/27,41,5.48,0.12,22.571428571428573,0.03,0.2857142857142857,,2.24,0.7555555555555555,8
274,5,GIANYAR,0,1,30,7,2345,0,0,8,2404, 02 Jan 2021,-3,179,9,2142,2,83,gianyar,2021-01-02,Gianyar,Gianyar,368.00,393.155,469.777,494.729,0.742 (High),I Made Agus Mahayastra,7.0,6/64,8,4.86,0.17,23.428571428571427,0.05,0.5714285714285714,,3.45,0.9069767441860463,4
275,6,BANGLI,0,0,4,0,882,0,0,0,944, 02 Jan 2021,-2,8,2,897,0,39,bangli,2021-01-02,Bangli,Bangli,490.71,193.776,215.353,222.474,0.657 (Medium),I Made Gianyar,4.0,4/68,0,4.24,0.18,22.142857142857142,0.1,0.5714285714285714,,4.13,0.962025316455696,2
276,7,KLUNGKUNG,0,1,4,3,979,0,0,4,1002, 02 Jan 2021,4,28,0,952,0,22,klungkung,2021-01-02,Klungkung,Semarapura,315.00,155.262,170.543,175.573,0.683 (Medium),I Nyoman Suwirta,4.0,6/53,4,5.71,0.13,22.714285714285715,0.13,0.5714285714285714,0.13,2.2,2.456521739130435,7
277,8,KARANGASEM,0,0,2,5,1054,0,0,5,1080, 02 Jan 2021,4,36,1,992,0,52,karangasem,2021-01-02,Karangasem,Amlapura,839.54,360.486,396.487,408.487,0.640 (Medium),I Gusti Ayu Mas Sumatri,8.0,3/75,5,2.64,0.13,22.571428571428573,0.06,0.5714285714285714,0.14,4.81,3.5142857142857142,6
278,9,BULELENG,0,0,16,1,1331,0,0,1,1388, 02 Jan 2021,-13,37,13,1283,1,68,buleleng,2021-01-02,Buleleng,Singaraja,"1,364.73",558.181,624.125,645.893,0.691 (Medium),Putu Agus Suradnyana,9.0,19/129,1,2.15,0.11,16.142857142857142,0.02,0.5714285714285714,0.13,4.9,0.7121212121212119,3
279,10,KABUPATEN LAINNYA,0,0,31,0,14,0,0,0,50, 02 Jan 2021,0,2,0,47,0,1,kabupaten lainnya,2021-01-02,,,,,,,,,,,0,,,8.428571428571429,,0.5714285714285714,,2.0,-0.5083333333333333,0
